,ticker
0,A
1,B
2,C
3,D
4,E
5,F
6,G
7,H
8,J
9,K
10,L
11,M
12,O
13,R
14,T
15,V
16,X
17,AA
18,AB
19,AC
20,AE
21,AG
22,AL
23,AM
24,AN
25,AP
26,AU
27,AX
28,AY
29,AZ
30,BA
31,BB
32,BC
33,BG
34,BH
35,BK
36,BN
37,BP
38,BQ
39,BR
40,BW
41,BX
42,BY
43,CA
44,CB
45,CC
46,CE
47,CF
48,CG
49,CI
50,CL
51,CM
52,CN
53,CO
54,CP
55,CR
56,CS
57,CW
58,CX
59,DB
60,DD
61,DE
62,DG
63,DK
64,DQ
65,DX
66,DY
67,EA
68,EC
69,ED
70,EE
71,EL
72,EP
73,ES
74,ET
75,EU
76,EW
77,FE
78,FF
79,FG
80,FL
81,FM
82,FR
83,FT
84,FV
85,GD
86,GE
87,GF
88,GK
89,GL
90,GM
91,GS
92,GT
93,HA
94,HD
95,HE
96,HI
97,HL
98,HP
99,HR
100,HT
101,HY
102,IF
103,IG
104,IP
105,IR
106,IT
107,IX
108,JD
109,JT
110,KA
111,KB
112,KF
113,KO
114,KR
115,KT
116,KW
117,LC
118,LH
119,LQ
120,LU
121,LW
122,MA
123,MC
124,MD
125,MF
126,MJ
127,MO
128,MS
129,MT
130,MU
131,NB
132,NC
133,NH
134,NI
135,NL
136,NM
137,NR
138,NS
139,NX
140,OA
141,OC
142,OI
143,OP
144,OR
145,PB
146,PF
147,PG
148,PH
149,PK
150,PM
151,PR
152,PT
153,PW
154,PX
155,PY
156,QH
157,RA
158,RC
159,RE
160,RF
161,RL
162,RM
163,RS
164,RY
165,SB
166,SF
167,SH
168,SM
169,SO
170,SP
171,SR
172,ST
173,SU
174,TA
175,TC
176,TD
177,TG
178,TK
179,TM
180,TR
181,TS
182,TT
183,TU
184,TV
185,TW
186,TX
187,TY
188,UA
189,UE
190,UG
191,UI
192,UK
193,UL
194,VB
195,VC
196,VO
197,VS
198,VT
199,VV
200,VZ
201,WD
202,WF
203,WH
204,WM
205,WU
206,WW
207,WY
208,XT
209,YY
210,ZG
211,AAA
212,AAL
213,AAN
214,AAP
215,AAT
216,ABB
217,ABC
218,ABG
219,ABM
220,ABR
221,ABT
222,ACA
223,ACB
224,ACI
225,ACM
226,ACN
227,ACP
228,ACR
229,ACT
230,ACU
231,ACV
232,ADC
233,ADD
234,ADI
235,ADM
236,ADP
237,ADT
238,ADX
239,AEB
240,AEE
241,AEF
242,AEG
243,AEI
244,AEL
245,AEM
246,AEO
247,AEP
248,AES
249,AET
250,AEY
251,AFB
252,AFG
253,AFK
254,AFL
255,AFT
256,AGD
257,AGG
258,AGI
259,AGM
260,AGO
261,AGQ
262,AGR
263,AGX
264,AGZ
265,AHG
266,AHH
267,AHL
268,AHT
269,AIA
270,AIC
271,AIF
272,AIG
273,AIM
274,AIN
275,AIO
276,AIQ
277,AIR
278,AIT
279,AIU
280,AIV
281,AIZ
282,AJG
283,AJX
284,AKR
285,ALB
286,ALC
287,ALE
288,ALG
289,ALK
290,ALL
291,ALR
292,ALT
293,ALV
294,ALX
295,AMC
296,AMD
297,AME
298,AMG
299,AMH
300,AMJ
301,AMP
302,AMR
303,AMS
304,AMT
305,AMX
306,ANF
307,ANY
308,AOA
309,AOD
310,AOK
311,AOM
312,AON
313,AOR
314,AOS
315,APA
316,APB
317,APD
318,APH
319,APM
320,APO
321,AQN
322,ARB
323,ARC
324,ARE
325,ARI
326,ARL
327,ARP
328,ARR
329,ARS
330,ARW
331,ASA
332,ASB
333,ASC
334,ASG
335,ASH
336,ASO
337,ASR
338,ASX
339,ATI
340,ATO
341,ATR
342,AUB
343,AUD
344,AUY
345,AVA
346,AVB
347,AVD
348,AVK
349,AVT
350,AVY
351,AWF
352,AWH
353,AWI
354,AWK
355,AWP
356,AWR
357,AXL
358,AXP
359,AXR
360,AXS
361,AYI
362,AZN
363,AZO
364,AZZ
365,BAB
366,BAC
367,BAH
368,BAK
369,BAP
370,BAR
371,BAX
372,BBC
373,BBD
374,BBH
375,BBN
376,BBP
377,BBU
378,BBW
379,BBY
380,BCC
381,BCD
382,BCE
383,BCH
384,BCI
385,BCO
386,BCS
387,BCV
388,BCX
389,BDC
390,BDJ
391,BDL
392,BDN
393,BDX
394,BEN
395,BEP
396,BFC
397,BFH
398,BFK
399,BFS
400,BFZ
401,BGB
402,BGH
403,BGR
404,BGS
405,BGT
406,BGX
407,BGY
408,BHB
409,BHC
410,BHE
411,BHK
412,BHP
413,BHR
414,BHV
415,BIB
416,BIG
417,BIL
418,BIO
419,BIP
420,BIS
421,BIT
422,BIV
423,BJK
424,BJZ
425,BKD
426,BKE
427,BKF
428,BKH
429,BKN
430,BKR
431,BKT
432,BKU
433,BLE
434,BLH
435,BLJ
436,BLK
437,BLU
438,BLV
439,BLW
440,BLX
441,BMA
442,BME
443,BMI
444,BMN
445,BMO
446,BMS
447,BMY
448,BND
449,BNE
450,BNH
451,BNJ
452,BNL
453,BNO
454,BNS
455,BNY
456,BOE
457,BOH
458,BPK
459,BPT
460,BRC
461,BRF
462,BRN
463,BRO
464,BRT
465,BRW
466,BRX
467,BRY
468,BSF
469,BSL
470,BSM
471,BST
472,BSV
473,BSX
474,BSY
475,BTA
476,BTB
477,BTE
478,BTG
479,BTI
480,BTO
481,BTT
482,BTU
483,BTZ
484,BUD
485,BUG
486,BUI
487,BUL
488,BUR
489,BVH
490,BVN
491,BWA
492,BWG
493,BWP
494,BWX
495,BWZ
496,BXC
497,BXP
498,BYD
499,BYM
500,BZH
501,BZQ
502,CAA
503,CAC
504,CAE
505,CAF
506,CAG
507,CAH
508,CAJ
509,CAL
510,CAR
511,CAT
512,CBA
513,CBD
514,CBH
515,CBI
516,CBT
517,CBU
518,CBZ
519,CCD
520,CCF
521,CCI
522,CCJ
523,CCK
524,CCL
525,CCM
526,CCO
527,CCS
528,CCT
529,CCU
530,CCZ
531,CDC
532,CDE
533,CDL
534,CDW
535,CEA
536,CEE
537,CEF
538,CEI
539,CEM
540,CEN
541,CEO
542,CET
543,CEV
544,CEW
545,CFA
546,CFG
547,CFO
548,CFR
549,CGA
550,CGO
551,CGV
552,CGW
553,CHB
554,CHD
555,CHE
556,CHH
557,CHI
558,CHK
559,CHN
560,CHS
561,CHT
562,CHW
563,CHX
564,CHY
565,CIA
566,CIB
567,CID
568,CIF
569,CIG
570,CII
571,CIK
572,CIL
573,CIM
574,CIO
575,CIR
576,CIX
577,CIZ
578,CKX
579,CLB
580,CLF
581,CLH
582,CLM
583,CLS
584,CLW
585,CLX
586,CMA
587,CMC
588,CME
589,CMF
590,CMI
591,CMP
592,CMS
593,CMT
594,CMU
595,CNA
596,CNC
597,CNI
598,CNK
599,CNO
600,CNP
601,CNQ
602,CNS
603,CNX
604,COE
605,COF
606,COL
607,COM
608,COO
609,COP
610,CPA
611,CPB
612,CPE
613,CPF
614,CPG
615,CPI
616,CPK
617,CPT
618,CPZ
619,CQH
620,CQP
621,CRC
622,CRF
623,CRH
624,CRI
625,CRK
626,CRM
627,CRS
628,CRT
629,CSA
630,CSB
631,CSD
632,CSF
633,CSL
634,CSM
635,CSQ
636,CSR
637,CSV
638,CSX
639,CTA
640,CTG
641,CTO
642,CTP
643,CTR
644,CTS
645,CTZ
646,CUK
647,CUT
648,CUZ
649,CVE
650,CVG
651,CVI
652,CVM
653,CVR
654,CVS
655,CVU
656,CVX
657,CVY
658,CWB
659,CWH
660,CWI
661,CWS
662,CWT
663,CXE
664,CXH
665,CXW
666,CYA
667,CYB
668,CYD
669,CYH
670,CYS
671,CZA
672,DAC
673,DAL
674,DAN
675,DAR
676,DAX
677,DBA
678,DBB
679,DBC
680,DBD
681,DBE
682,DBI
683,DBL
684,DBO
685,DBP
686,DCF
687,DCI
688,DCO
689,DCP
690,DDD
691,DDF
692,DDM
693,DDS
694,DDT
695,DEA
696,DEF
697,DEI
698,DEL
699,DEM
700,DEO
701,DES
702,DEW
703,DEX
704,DFE
705,DFJ
706,DFP
707,DFS
708,DGS
709,DGT
710,DGX
711,DHC
712,DHF
713,DHG
714,DHI
715,DHR
716,DHS
717,DHT
718,DHY
719,DIA
720,DIG
721,DIM
722,DIN
723,DIP
724,DIS
725,DIT
726,DIV
727,DJD
728,DKL
729,DKS
730,DLA
731,DLB
732,DLN
733,DLR
734,DLS
735,DLX
736,DLY
737,DMA
738,DMB
739,DMF
740,DMO
741,DNB
742,DNL
743,DNN
744,DNP
745,DOC
746,DOG
747,DOL
748,DON
749,DOV
750,DOW
751,DOX
752,DPG
753,DPZ
754,DRD
755,DRH
756,DRI
757,DRN
758,DRQ
759,DRV
760,DRW
761,DSI
762,DSL
763,DSM
764,DSS
765,DST
766,DSU
767,DSX
768,DTB
769,DTD
770,DTE
771,DTF
772,DTH
773,DTJ
774,DTK
775,DTN
776,DTW
777,DTY
778,DUG
779,DUK
780,DVA
781,DVN
782,DVP
783,DVY
784,DWM
785,DWX
786,DXC
787,DXD
788,DXF
789,DXJ
790,DXR
791,EAD
792,EAF
793,EAR
794,EAT
795,EBC
796,EBF
797,EBR
798,ECC
799,ECF
800,ECH
801,ECL
802,EDC
803,EDD
804,EDF
805,EDI
806,EDU
807,EDV
808,EDZ
809,EEA
810,EEM
811,EEP
812,EEQ
813,EES
814,EET
815,EEV
816,EEX
817,EFA
818,EFC
819,EFG
820,EFL
821,EFO
822,EFR
823,EFT
824,EFU
825,EFV
826,EFX
827,EFZ
828,EGF
829,EGN
830,EGO
831,EGP
832,EGY
833,EHC
834,EHI
835,EIA
836,EIG
837,EIM
838,EIO
839,EIP
840,EIS
841,EIX
842,EJH
843,ELC
844,ELD
845,ELP
846,ELS
847,ELU
848,ELV
849,EMB
850,EMD
851,EME
852,EMF
853,EMI
854,EMJ
855,EML
856,EMN
857,EMO
858,EMR
859,ENB
860,ENJ
861,ENO
862,ENR
863,ENS
864,ENX
865,ENZ
866,EOD
867,EOG
868,EOI
869,EOS
870,EOT
871,EPC
872,EPD
873,EPI
874,EPM
875,EPP
876,EPR
877,EPS
878,EPU
879,EPV
880,EQC
881,EQH
882,EQL
883,EQR
884,EQS
885,EQT
886,EQX
887,ERC
888,ERF
889,ERH
890,ERJ
891,ERM
892,ERX
893,ERY
894,ESE
895,ESG
896,ESI
897,ESP
898,ESS
899,ETB
900,ETG
901,ETJ
902,ETN
903,ETO
904,ETP
905,ETR
906,ETV
907,ETW
908,ETX
909,ETY
910,EUM
911,EVA
912,EVC
913,EVF
914,EVG
915,EVI
916,EVM
917,EVN
918,EVO
919,EVP
920,EVR
921,EVT
922,EVV
923,EVX
924,EVY
925,EWA
926,EWC
927,EWD
928,EWG
929,EWH
930,EWI
931,EWJ
932,EWK
933,EWL
934,EWM
935,EWN
936,EWO
937,EWP
938,EWQ
939,EWS
940,EWT
941,EWU
942,EWV
943,EWW
944,EWX
945,EWY
946,EWZ
947,EXC
948,EXD
949,EXG
950,EXI
951,EXN
952,EXP
953,EXR
954,EZA
955,EZJ
956,EZM
957,EZT
958,EZU
959,FAB
960,FAD
961,FAF
962,FAM
963,FAN
964,FAS
965,FAT
966,FAX
967,FAZ
968,FBK
969,FBP
970,FBR
971,FBT
972,FBZ
973,FCA
974,FCF
975,FCG
976,FCN
977,FCO
978,FCT
979,FCX
980,FDD
981,FDG
982,FDL
983,FDM
984,FDN
985,FDP
986,FDS
987,FDT
988,FDV
989,FDX
990,FEI
991,FEM
992,FEN
993,FEO
994,FEP
995,FET
996,FEU
997,FEX
998,FEZ
999,FFA
1000,FFC
1001,FGB
1002,FGD
1003,FGM
1004,FHB
1005,FHI
1006,FHN
1007,FID
1008,FIF
1009,FIG
1010,FIP
1011,FIS
1012,FIW
1013,FIX
1014,FJP
1015,FKU
1016,FLC
1017,FLJ
1018,FLN
1019,FLO
1020,FLR
1021,FLS
1022,FLV
1023,FMB
1024,FMC
1025,FMF
1026,FMN
1027,FMO
1028,FMS
1029,FMX
1030,FMY
1031,FNB
1032,FNF
1033,FNK
1034,FNV
1035,FNX
1036,FNY
1037,FOF
1038,FOX
1039,FPA
1040,FPE
1041,FPF
1042,FPI
1043,FPL
1044,FPX
1045,FRA
1046,FRC
1047,FRD
1048,FRG
1049,FRI
1050,FRN
1051,FRO
1052,FRT
1053,FSD
1054,FSI
1055,FSK
1056,FSP
1057,FSS
1058,FSV
1059,FSZ
1060,FTA
1061,FTC
1062,FTF
1063,FTI
1064,FTK
1065,FTS
1066,FTV
1067,FUL
1068,FUN
1069,FUT
1070,FVC
1071,FVD
1072,FVL
1073,FXA
1074,FXB
1075,FXC
1076,FXD
1077,FXE
1078,FXF
1079,FXG
1080,FXH
1081,FXI
1082,FXL
1083,FXN
1084,FXO
1085,FXP
1086,FXR
1087,FXS
1088,FXU
1089,FXZ
1090,FYC
1091,FYT
1092,FYX
1093,GAA
1094,GAB
1095,GAL
1096,GAM
1097,GBF
1098,GBR
1099,GBX
1100,GCC
1101,GCE
1102,GCH
1103,GCI
1104,GCO
1105,GCV
1106,GDC
1107,GDE
1108,GDL
1109,GDO
1110,GDV
1111,GDX
1112,GEF
1113,GEG
1114,GEL
1115,GEM
1116,GEN
1117,GEO
1118,GER
1119,GES
1120,GET
1121,GEX
1122,GFF
1123,GFI
1124,GFL
1125,GGB
1126,GGE
1127,GGG
1128,GGN
1129,GGT
1130,GGZ
1131,GHC
1132,GHG
1133,GHI
1134,GHL
1135,GHM
1136,GHY
1137,GIB
1138,GIC
1139,GII
1140,GIL
1141,GIM
1142,GIS
1143,GJH
1144,GJO
1145,GJP
1146,GJR
1147,GJS
1148,GJT
1149,GLG
1150,GLL
1151,GLO
1152,GLP
1153,GLQ
1154,GLT
1155,GLU
1156,GLV
1157,GLW
1158,GME
1159,GMF
1160,GNE
1161,GNK
1162,GNL
1163,GNR
1164,GNT
1165,GNW
1166,GOF
1167,GOL
1168,GPC
1169,GPI
1170,GPK
1171,GPN
1172,GPP
1173,GPS
1174,GPT
1175,GRC
1176,GRF
1177,GRI
1178,GRN
1179,GRR
1180,GRX
1181,GSC
1182,GSK
1183,GSL
1184,GSM
1185,GSS
1186,GSV
1187,GSY
1188,GTN
1189,GTO
1190,GTY
1191,GUT
1192,GVA
1193,GVI
1194,GWW
1195,GWX
1196,GXC
1197,GXG
1198,GXP
1199,GYC
1200,HAE
1201,HAL
1202,HAO
1203,HAP
1204,HAS
1205,HBB
1206,HBI
1207,HBM
1208,HBT
1209,HCA
1210,HCC
1211,HCI
1212,HDB
1213,HDG
1214,HDV
1215,HEI
1216,HEP
1217,HEQ
1218,HES
1219,HHR
1220,HHS
1221,HIE
1222,HIG
1223,HII
1224,HIO
1225,HIW
1226,HIX
1227,HLF
1228,HLI
1229,HLT
1230,HLX
1231,HMC
1232,HMN
1233,HMY
1234,HNI
1235,HNW
1236,HOG
1237,HON
1238,HOV
1239,HPE
1240,HPF
1241,HPI
1242,HPK
1243,HPP
1244,HPQ
1245,HPS
1246,HQH
1247,HQI
1248,HQL
1249,HRB
1250,HRI
1251,HRL
1252,HSC
1253,HST
1254,HSY
1255,HTD
1256,HTH
1257,HTM
1258,HTY
1259,HUM
1260,HUN
1261,HVT
1262,HWC
1263,HWM
1264,HXL
1265,HYB
1266,HYD
1267,HYG
1268,HYI
1269,HYS
1270,HYT
1271,IAC
1272,IAE
1273,IAF
1274,IAG
1275,IAI
1276,IAK
1277,IAT
1278,IAU
1279,IBA
1280,IBB
1281,IBD
1282,IBM
1283,IBN
1284,IBP
1285,ICB
1286,ICD
1287,ICE
1288,ICF
1289,ICL
1290,IDA
1291,IDE
1292,IDN
1293,IDR
1294,IDT
1295,IDU
1296,IDV
1297,IDW
1298,IDX
1299,IEF
1300,IEI
1301,IEO
1302,IEP
1303,IEV
1304,IEX
1305,IEZ
1306,IFF
1307,IFN
1308,IFS
1309,IFV
1310,IGA
1311,IGC
1312,IGD
1313,IGE
1314,IGF
1315,IGI
1316,IGM
1317,IGN
1318,IGR
1319,IGT
1320,IGV
1321,IHD
1322,IHE
1323,IHF
1324,IHG
1325,IHI
1326,IHT
1327,IHY
1328,IIF
1329,III
1330,IIM
1331,IJH
1332,IJJ
1333,IJK
1334,IJR
1335,IJS
1336,IJT
1337,ILF
1338,ILG
1339,IMH
1340,IMO
1341,IMV
1342,INC
1343,ING
1344,INM
1345,INN
1346,INO
1347,INT
1348,ION
1349,IOO
1350,IOR
1351,IPA
1352,IPB
1353,IPG
1354,IPI
1355,IPO
1356,IQI
1357,IQM
1358,IRL
1359,IRM
1360,IRS
1361,IRT
1362,ISD
1363,ISL
1364,ISP
1365,ISR
1366,ITA
1367,ITB
1368,ITE
1369,ITI
1370,ITM
1371,ITP
1372,ITT
1373,ITW
1374,IUS
1375,IVC
1376,IVE
1377,IVH
1378,IVR
1379,IVT
1380,IVV
1381,IVW
1382,IVZ
1383,IWB
1384,IWC
1385,IWD
1386,IWF
1387,IWL
1388,IWM
1389,IWN
1390,IWO
1391,IWP
1392,IWR
1393,IWS
1394,IWV
1395,IWX
1396,IWY
1397,IXC
1398,IXG
1399,IXJ
1400,IXN
1401,IXP
1402,IYC
1403,IYE
1404,IYF
1405,IYG
1406,IYH
1407,IYJ
1408,IYK
1409,IYM
1410,IYR
1411,IYT
1412,IYW
1413,IYY
1414,IYZ
1415,JAN
1416,JBK
1417,JBL
1418,JBR
1419,JBT
1420,JCE
1421,JCI
1422,JCO
1423,JEF
1424,JEQ
1425,JFR
1426,JGH
1427,JHG
1428,JHI
1429,JHS
1430,JHX
1431,JIG
1432,JJA
1433,JJC
1434,JJN
1435,JKD
1436,JKE
1437,JKF
1438,JKG
1439,JKH
1440,JKI
1441,JKJ
1442,JKK
1443,JKL
1444,JLL
1445,JLS
1446,JMM
1447,JNJ
1448,JNK
1449,JNP
1450,JOB
1451,JOE
1452,JOF
1453,JPC
1454,JPI
1455,JPM
1456,JPS
1457,JPT
1458,JQC
1459,JRE
1460,JRI
1461,JRO
1462,JRS
1463,JSD
1464,JSM
1465,JVA
1466,JWN
1467,JXI
1468,JXN
1469,KAI
1470,KAL
1471,KAR
1472,KBA
1473,KBE
1474,KBH
1475,KBR
1476,KCE
1477,KDP
1478,KED
1479,KEN
1480,KEP
1481,KEX
1482,KEY
1483,KFS
1484,KFY
1485,KGC
1486,KHC
1487,KIE
1488,KIM
1489,KIO
1490,KIQ
1491,KKR
1492,KLD
1493,KMB
1494,KMF
1495,KMG
1496,KMI
1497,KMM
1498,KMT
1499,KMX
1500,KND
1501,KNG
1502,KNX
1503,KOF
1504,KOL
1505,KOP
1506,KOR
1507,KOS
1508,KRC
1509,KRE
1510,KRG
1511,KRO
1512,KRP
1513,KSA
1514,KSM
1515,KSS
1516,KST
1517,KTB
1518,KTF
1519,KTH
1520,KTN
1521,KWR
1522,KWT
1523,KXI
1524,KYN
1525,LAC
1526,LAD
1527,LAQ
1528,LAZ
1529,LBC
1530,LBJ
1531,LCI
1532,LCR
1533,LDI
1534,LDP
1535,LEA
1536,LEE
1537,LEG
1538,LEN
1539,LEO
1540,LEU
1541,LFT
1542,LGH
1543,LGI
1544,LGL
1545,LGO
1546,LHO
1547,LHX
1548,LII
1549,LIN
1550,LIT
1551,LKQ
1552,LLY
1553,LMT
1554,LNC
1555,LND
1556,LNG
1557,LNN
1558,LNT
1559,LNW
1560,LOB
1561,LOW
1562,LPG
1563,LPX
1564,LQD
1565,LSI
1566,LTC
1567,LTL
1568,LUV
1569,LVO
1570,LVS
1571,LXP
1572,LXU
1573,LYB
1574,LYG
1575,LZB
1576,MAA
1577,MAB
1578,MAC
1579,MAN
1580,MAR
1581,MAS
1582,MAT
1583,MAV
1584,MBB
1585,MBG
1586,MBI
1587,MCA
1588,MCD
1589,MCI
1590,MCK
1591,MCN
1592,MCO
1593,MCR
1594,MCS
1595,MCX
1596,MCY
1597,MDC
1598,MDP
1599,MDT
1600,MDU
1601,MDY
1602,MED
1603,MEI
1604,MET
1605,MFA
1606,MFC
1607,MFD
1608,MFH
1609,MFM
1610,MFV
1611,MGA
1612,MGC
1613,MGF
1614,MGI
1615,MGK
1616,MGM
1617,MGR
1618,MGU
1619,MGV
1620,MGY
1621,MHD
1622,MHF
1623,MHH
1624,MHI
1625,MHK
1626,MHN
1627,MHO
1628,MIG
1629,MIN
1630,MIO
1631,MIW
1632,MIY
1633,MKC
1634,MLI
1635,MLM
1636,MLN
1637,MLP
1638,MLR
1639,MMC
1640,MMD
1641,MMI
1642,MMM
1643,MMP
1644,MMS
1645,MMT
1646,MMU
1647,MMX
1648,MNA
1649,MNM
1650,MNP
1651,MOD
1652,MOH
1653,MOO
1654,MOS
1655,MOV
1656,MPA
1657,MPB
1658,MPC
1659,MPU
1660,MPV
1661,MPW
1662,MPX
1663,MQT
1664,MQY
1665,MRK
1666,MRO
1667,MSA
1668,MSB
1669,MSD
1670,MSI
1671,MSM
1672,MSN
1673,MTA
1674,MTB
1675,MTC
1676,MTG
1677,MTH
1678,MTN
1679,MTP
1680,MTR
1681,MTW
1682,MTX
1683,MTZ
1684,MUA
1685,MUB
1686,MUC
1687,MUE
1688,MUI
1689,MUJ
1690,MUR
1691,MUX
1692,MVF
1693,MVO
1694,MVT
1695,MVV
1696,MWA
1697,MXC
1698,MXE
1699,MXF
1700,MXI
1701,MYC
1702,MYD
1703,MYE
1704,MYI
1705,MYJ
1706,MYN
1707,MYO
1708,MYY
1709,MZF
1710,MZZ
1711,NAC
1712,NAD
1713,NAN
1714,NAP
1715,NAT
1716,NAZ
1717,NBB
1718,NBD
1719,NBH
1720,NBI
1721,NBN
1722,NBO
1723,NBR
1724,NBW
1725,NBY
1726,NCA
1727,NCR
1728,NCV
1729,NCZ
1730,NDP
1731,NEA
1732,NEE
1733,NEM
1734,NEN
1735,NEP
1736,NEU
1737,NEV
1738,NFE
1739,NFG
1740,NFJ
1741,NFO
1742,NFX
1743,NGE
1744,NGG
1745,NGL
1746,NHC
1747,NHI
1748,NHS
1749,NID
1750,NIE
1751,NIM
1752,NIQ
1753,NJR
1754,NKE
1755,NKG
1756,NKX
1757,NLR
1758,NLS
1759,NLY
1760,NMG
1761,NMI
1762,NML
1763,NMM
1764,NMR
1765,NMS
1766,NMT
1767,NMZ
1768,NNI
1769,NNN
1770,NNY
1771,NOA
1772,NOC
1773,NOG
1774,NOK
1775,NOM
1776,NOV
1777,NPK
1778,NPO
1779,NPV
1780,NQP
1781,NRC
1782,NRG
1783,NRK
1784,NRO
1785,NRP
1786,NRT
1787,NSA
1788,NSC
1789,NSI
1790,NSL
1791,NSP
1792,NSR
1793,NSS
1794,NTB
1795,NTG
1796,NTR
1797,NTZ
1798,NUE
1799,NUO
1800,NUS
1801,NUV
1802,NUW
1803,NVG
1804,NVO
1805,NVQ
1806,NVR
1807,NVS
1808,NVT
1809,NWE
1810,NWG
1811,NWL
1812,NWN
1813,NWS
1814,NXC
1815,NXG
1816,NXJ
1817,NXN
1818,NXP
1819,NYF
1820,NYH
1821,NYT
1822,NZF
1823,OCC
1824,OCN
1825,ODC
1826,ODP
1827,OEC
1828,OEF
1829,OFC
1830,OFG
1831,OFS
1832,OGE
1833,OGS
1834,OHI
1835,OIA
1836,OIH
1837,OII
1838,OIL
1839,OIS
1840,OKE
1841,OLD
1842,OLN
1843,OLP
1844,OMC
1845,OMF
1846,OMI
1847,ONB
1848,ONG
1849,ONL
1850,OPI
1851,OPP
1852,OPY
1853,ORA
1854,ORC
1855,ORI
1856,OSG
1857,OSK
1858,OSW
1859,OUT
1860,OVB
1861,OVF
1862,OVL
1863,OVM
1864,OVS
1865,OVT
1866,OVV
1867,OWL
1868,OXM
1869,OXY
1870,OZK
1871,PAA
1872,PAB
1873,PAC
1874,PAG
1875,PAI
1876,PAK
1877,PAM
1878,PAR
1879,PAX
1880,PBA
1881,PBB
1882,PBD
1883,PBE
1884,PBF
1885,PBI
1886,PBJ
1887,PBL
1888,PBP
1889,PBR
1890,PBS
1891,PBT
1892,PBW
1893,PBY
1894,PCB
1895,PCF
1896,PCG
1897,PCH
1898,PCK
1899,PCM
1900,PCN
1901,PCQ
1902,PCY
1903,PDI
1904,PDM
1905,PDN
1906,PDO
1907,PDP
1908,PDS
1909,PDT
1910,PEB
1911,PED
1912,PEG
1913,PEJ
1914,PEK
1915,PEO
1916,PEP
1917,PEX
1918,PEY
1919,PEZ
1920,PFC
1921,PFD
1922,PFE
1923,PFF
1924,PFG
1925,PFH
1926,PFI
1927,PFL
1928,PFM
1929,PFN
1930,PFO
1931,PFS
1932,PFX
1933,PGC
1934,PGF
1935,PGH
1936,PGJ
1937,PGP
1938,PGR
1939,PGX
1940,PGZ
1941,PHB
1942,PHD
1943,PHG
1944,PHI
1945,PHK
1946,PHM
1947,PHO
1948,PHT
1949,PHX
1950,PID
1951,PIE
1952,PII
1953,PIM
1954,PIN
1955,PIO
1956,PIZ
1957,PJP
1958,PJT
1959,PKB
1960,PKE
1961,PKG
1962,PKI
1963,PKW
1964,PKX
1965,PLC
1966,PLD
1967,PLG
1968,PLM
1969,PLW
1970,PLX
1971,PMD
1972,PME
1973,PMF
1974,PML
1975,PMM
1976,PMN
1977,PMO
1978,PMR
1979,PMT
1980,PMX
1981,PNC
1982,PNF
1983,PNI
1984,PNM
1985,PNR
1986,POR
1987,PPA
1988,PPC
1989,PPG
1990,PPH
1991,PPI
1992,PPL
1993,PPT
1994,PRA
1995,PRE
1996,PRF
1997,PRG
1998,PRH
1999,PRI
2000,PRK
2001,PRN
2002,PRS
2003,PRT
2004,PRU
2005,PSA
2006,PSC
2007,PSF
2008,PSI
2009,PSJ
2010,PSK
2011,PSL
2012,PSO
2013,PSP
2014,PSQ
2015,PSR
2016,PST
2017,PSX
2018,PTA
2019,PTC
2020,PTE
2021,PTF
2022,PTH
2023,PTN
2024,PTY
2025,PUI
2026,PUK
2027,PVH
2028,PVI
2029,PVL
2030,PWB
2031,PWC
2032,PWP
2033,PWR
2034,PWS
2035,PWV
2036,PWZ
2037,PXD
2038,PXE
2039,PXF
2040,PXH
2041,PXI
2042,PXJ
2043,PXQ
2044,PXS
2045,PYN
2046,PYS
2047,PYT
2048,PYZ
2049,PZA
2050,PZC
2051,PZE
2052,PZT
2053,QAI
2054,QAT
2055,QDF
2056,QID
2057,QLC
2058,QLD
2059,QLI
2060,QLV
2061,QQC
2062,QQD
2063,QQH
2064,QQQ
2065,QSR
2066,QSY
2067,QUS
2068,QVM
2069,RAD
2070,RBA
2071,RBB
2072,RBC
2073,RCB
2074,RCC
2075,RCD
2076,RCG
2077,RCI
2078,RCL
2079,RCS
2080,RDI
2081,RDN
2082,RDY
2083,REC
2084,REG
2085,REI
2086,REK
2087,REM
2088,RES
2089,REW
2090,REX
2091,REZ
2092,RFG
2093,RFI
2094,RFM
2095,RFP
2096,RFV
2097,RGA
2098,RGI
2099,RGP
2100,RGR
2101,RGS
2102,RGT
2103,RHE
2104,RHI
2105,RHP
2106,RHS
2107,RIG
2108,RIO
2109,RIV
2110,RJF
2111,RKT
2112,RLI
2113,RLJ
2114,RLY
2115,RMD
2116,RMI
2117,RMM
2118,RMP
2119,RMR
2120,RMT
2121,RNP
2122,RNR
2123,ROG
2124,ROK
2125,ROL
2126,ROM
2127,ROP
2128,RPG
2129,RPM
2130,RPT
2131,RPV
2132,RQI
2133,RRC
2134,RRH
2135,RRR
2136,RRX
2137,RSF
2138,RSG
2139,RSP
2140,RTC
2141,RTH
2142,RTL
2143,RTM
2144,RTO
2145,RTX
2146,RVT
2147,RWJ
2148,RWK
2149,RWL
2150,RWM
2151,RWO
2152,RWR
2153,RWT
2154,RWW
2155,RWX
2156,RXD
2157,RXI
2158,RXL
2159,RYE
2160,RYF
2161,RYH
2162,RYI
2163,RYJ
2164,RYN
2165,RYT
2166,RYU
2167,RZB
2168,RZG
2169,RZV
2170,SAA
2171,SAF
2172,SAH
2173,SAJ
2174,SAL
2175,SAN
2176,SAP
2177,SAR
2178,SAT
2179,SAY
2180,SBB
2181,SBI
2182,SBR
2183,SBS
2184,SBT
2185,SCC
2186,SCD
2187,SCG
2188,SCI
2189,SCJ
2190,SCL
2191,SCM
2192,SCO
2193,SCS
2194,SCU
2195,SCX
2196,SCZ
2197,SDD
2198,SDG
2199,SDP
2200,SDS
2201,SDY
2202,SEA
2203,SEB
2204,SEE
2205,SEF
2206,SEM
2207,SEP
2208,SFE
2209,SFL
2210,SFT
2211,SFY
2212,SGA
2213,SGC
2214,SGF
2215,SGH
2216,SGU
2217,SHE
2218,SHG
2219,SHM
2220,SHO
2221,SHV
2222,SHW
2223,SHY
2224,SID
2225,SIF
2226,SIG
2227,SII
2228,SIJ
2229,SIL
2230,SIM
2231,SIO
2232,SIR
2233,SIX
2234,SIZ
2235,SJB
2236,SJI
2237,SJM
2238,SJR
2239,SJT
2240,SJW
2241,SKE
2242,SKF
2243,SKM
2244,SKT
2245,SKX
2246,SKY
2247,SLB
2248,SLF
2249,SLG
2250,SLM
2251,SLP
2252,SLS
2253,SLT
2254,SLV
2255,SLX
2256,SLY
2257,SMB
2258,SMG
2259,SMH
2260,SMM
2261,SMN
2262,SMP
2263,SNA
2264,SNI
2265,SNN
2266,SNV
2267,SNX
2268,SNY
2269,SOI
2270,SOL
2271,SON
2272,SOR
2273,SOS
2274,SPB
2275,SPD
2276,SPE
2277,SPG
2278,SPH
2279,SPI
2280,SPR
2281,SPY
2282,SQM
2283,SRC
2284,SRE
2285,SRG
2286,SRL
2287,SRS
2288,SRT
2289,SRV
2290,SSB
2291,SSD
2292,SSG
2293,SSL
2294,SSO
2295,SSP
2296,SSY
2297,STC
2298,STE
2299,STG
2300,STK
2301,STM
2302,STN
2303,STR
2304,STT
2305,STX
2306,STZ
2307,SUB
2308,SUI
2309,SUM
2310,SUN
2311,SUP
2312,SUZ
2313,SVC
2314,SVM
2315,SVT
2316,SVU
2317,SWI
2318,SWK
2319,SWN
2320,SWX
2321,SWZ
2322,SXC
2323,SXI
2324,SXT
2325,SYF
2326,SYK
2327,SYY
2328,SZK
2329,TAC
2330,TAL
2331,TAN
2332,TAO
2333,TAP
2334,TBB
2335,TBC
2336,TBF
2337,TBI
2338,TBT
2339,TBX
2340,TCA
2341,TCI
2342,TCN
2343,TCS
2344,TCX
2345,TDF
2346,TDG
2347,TDS
2348,TDV
2349,TDW
2350,TEF
2351,TEI
2352,TEL
2353,TEO
2354,TEP
2355,TER
2356,TEX
2357,TFC
2358,TFG
2359,TFI
2360,TFX
2361,TGH
2362,TGI
2363,TGN
2364,TGS
2365,TGT
2366,THC
2367,THD
2368,THG
2369,THO
2370,THQ
2371,THW
2372,THY
2373,TIO
2374,TIP
2375,TJX
2376,TKC
2377,TKR
2378,TLH
2379,TLK
2380,TLT
2381,TMF
2382,TMO
2383,TMP
2384,TMV
2385,TMW
2386,TNA
2387,TNC
2388,TNH
2389,TNK
2390,TNL
2391,TNP
2392,TOK
2393,TOL
2394,TPB
2395,TPC
2396,TPL
2397,TPR
2398,TPX
2399,TPZ
2400,TRC
2401,TRI
2402,TRN
2403,TRP
2404,TRS
2405,TRT
2406,TRU
2407,TRV
2408,TSE
2409,TSI
2410,TSM
2411,TSN
2412,TSQ
2413,TTC
2414,TTD
2415,TTE
2416,TTI
2417,TTM
2418,TTP
2419,TTT
2420,TUA
2421,TUG
2422,TUP
2423,TUR
2424,TUZ
2425,TVC
2426,TVE
2427,TWI
2428,TWM
2429,TWN
2430,TWO
2431,TWX
2432,TXN
2433,TXT
2434,TYA
2435,TYD
2436,TYG
2437,TYL
2438,TYO
2439,TZA
2440,UAA
2441,UAE
2442,UAL
2443,UAN
2444,UAV
2445,UBA
2446,UBP
2447,UBR
2448,UBS
2449,UBT
2450,UBX
2451,UCC
2452,UCO
2453,UDI
2454,UDN
2455,UDR
2456,UFI
2457,UFO
2458,UGE
2459,UGI
2460,UGP
2461,UHS
2462,UHT
2463,UIS
2464,UJB
2465,ULH
2466,UMC
2467,UMH
2468,UMI
2469,UNB
2470,UNF
2471,UNG
2472,UNH
2473,UNM
2474,UNP
2475,UPS
2476,UPV
2477,UPW
2478,URA
2479,URE
2480,USA
2481,USB
2482,USD
2483,USI
2484,USM
2485,USO
2486,UST
2487,USV
2488,UTF
2489,UTG
2490,UTI
2491,UTL
2492,UTZ
2493,UUP
2494,UUU
2495,UVE
2496,UVV
2497,UWM
2498,UWN
2499,UXI
2500,UYG
2501,UYM
2502,UZB
2503,UZD
2504,UZE
2505,UZF
2506,VAC
2507,VAW
2508,VBF
2509,VBK
2510,VBR
2511,VCR
2512,VCV
2513,VDC
2514,VDE
2515,VEA
2516,VET
2517,VEU
2518,VEV
2519,VFC
2520,VFH
2521,VFL
2522,VGI
2523,VGK
2524,VGM
2525,VGR
2526,VGT
2527,VGZ
2528,VHC
2529,VHI
2530,VHT
2531,VIA
2532,VIG
2533,VIS
2534,VIV
2535,VKI
2536,VKQ
2537,VLO
2538,VLP
2539,VLT
2540,VLU
2541,VLY
2542,VMC
2543,VMI
2544,VMO
2545,VMW
2546,VNM
2547,VNO
2548,VNQ
2549,VNT
2550,VOC
2551,VOD
2552,VOE
2553,VOO
2554,VOT
2555,VOX
2556,VPC
2557,VPL
2558,VPN
2559,VPU
2560,VPV
2561,VRP
2562,VRT
2563,VSH
2564,VSL
2565,VSS
2566,VST
2567,VTC
2568,VTI
2569,VTN
2570,VTR
2571,VTV
2572,VUG
2573,VVC
2574,VVI
2575,VVR
2576,VVV
2577,VWO
2578,VXF
2579,VXX
2580,VYM
2581,WAB
2582,WAL
2583,WAT
2584,WBA
2585,WBD
2586,WBS
2587,WCC
2588,WCN
2589,WDC
2590,WDI
2591,WDS
2592,WEA
2593,WEC
2594,WEN
2595,WES
2596,WFC
2597,WFG
2598,WFH
2599,WGL
2600,WGO
2601,WHD
2602,WHF
2603,WHG
2604,WHR
2605,WIA
2606,WIP
2607,WIT
2608,WIW
2609,WIZ
2610,WLK
2611,WLY
2612,WMB
2613,WMC
2614,WMG
2615,WMK
2616,WMS
2617,WMT
2618,WNC
2619,WOR
2620,WPC
2621,WPM
2622,WPP
2623,WPS
2624,WPZ
2625,WRB
2626,WRK
2627,WSM
2628,WSO
2629,WSR
2630,WST
2631,WTI
2632,WTM
2633,WTS
2634,WTT
2635,WWD
2636,WWE
2637,WWR
2638,WWW
2639,WYY
2640,XAR
2641,XBI
2642,XEL
2643,XES
2644,XHB
2645,XHE
2646,XHR
2647,XHS
2648,XIN
2649,XJH
2650,XJR
2651,XLB
2652,XLC
2653,XLE
2654,XLF
2655,XLG
2656,XLI
2657,XLK
2658,XLP
2659,XLU
2660,XLV
2661,XLY
2662,XME
2663,XMX
2664,XOM
2665,XOP
2666,XPH
2667,XPO
2668,XPP
2669,XRM
2670,XRT
2671,XRX
2672,XSD
2673,XSW
2674,XTH
2675,XTL
2676,XTN
2677,XVV
2678,XYF
2679,XYL
2680,YCL
2681,YCS
2682,YLD
2683,YPF
2684,YPS
2685,YRD
2686,YUM
2687,YVR
2688,YXI
2689,YYY
2690,ZBH
2691,ZBK
2692,ZGN
2693,ZIG
2694,ZIV
2695,ZNH
2696,ZSL
2697,ZTO
2698,ZTR
2699,ZTS
2700,AABB
2701,AACG
2702,AADR
2703,AAGC
2704,AAGH
2705,AAIC
2706,AAME
2707,AAON
2708,AAPL
2709,AAPU
2710,AATC
2711,AAXJ
2712,AAXT
2713,ABAX
2714,ABBV
2715,ABBY
2716,ABCB
2717,ABCE
2718,ABCP
2719,ABEO
2720,ABEQ
2721,ABEV
2722,ABIO
2723,ABLT
2724,ABMD
2725,ABPR
2726,ABQQ
2727,ABST
2728,ABTI
2729,ABTO
2730,ABUS
2731,ABVC
2732,ABVG
2733,ABWN
2734,ACBD
2735,ACCO
2736,ACER
2737,ACES
2738,ACET
2739,ACFC
2740,ACFL
2741,ACFN
2742,ACGI
2743,ACGL
2744,ACGN
2745,ACGX
2746,ACHC
2747,ACHV
2748,ACIM
2749,ACIO
2750,ACIW
2751,ACLS
2752,ACMB
2753,ACMR
2754,ACNB
2755,ACNT
2756,ACOR
2757,ACPS
2758,ACRE
2759,ACRG
2760,ACRU
2761,ACRX
2762,ACSI
2763,ACST
2764,ACTA
2765,ACTG
2766,ACTV
2767,ACTX
2768,ACUR
2769,ACUS
2770,ACVF
2771,ACWF
2772,ACWI
2773,ACWV
2774,ACWX
2775,ADAD
2776,ADBE
2777,ADDC
2778,ADEA
2779,ADES
2780,ADFI
2781,ADGO
2782,ADHC
2783,ADHI
2784,ADIV
2785,ADKT
2786,ADLI
2787,ADME
2788,ADMP
2789,ADNT
2790,ADRD
2791,ADRE
2792,ADRU
2793,ADSK
2794,ADSV
2795,ADTN
2796,ADTR
2797,ADXS
2798,ADYX
2799,AEEI
2800,AEEX
2801,AEFC
2802,AEGY
2803,AEHL
2804,AEIS
2805,AEMD
2806,AENZ
2807,AEPT
2808,AERN
2809,AESC
2810,AESR
2811,AEXE
2812,AEYE
2813,AEZS
2814,AFAM
2815,AFCB
2816,AFCG
2817,AFFY
2818,AFGB
2819,AFGC
2820,AFGD
2821,AFGE
2822,AFIF
2823,AFLG
2824,AFMC
2825,AFPW
2826,AFSI
2827,AFSM
2828,AFTM
2829,AFTY
2830,AGCO
2831,AGCZ
2832,AGDY
2833,AGEN
2834,AGFY
2835,AGGH
2836,AGGI
2837,AGGY
2838,AGIH
2839,AGLT
2840,AGNC
2841,AGND
2842,AGNG
2843,AGRH
2844,AGRO
2845,AGRX
2846,AGSS
2847,AGTK
2848,AGTX
2849,AGYP
2850,AGYS
2851,AGZD
2852,AHFD
2853,AHGP
2854,AHIX
2855,AHPI
2856,AIDA
2857,AIEQ
2858,AIFM
2859,AIFS
2860,AIIQ
2861,AIKO
2862,AIMC
2863,AIRC
2864,AIRI
2865,AIRR
2866,AIRT
2867,AITX
2868,AIXN
2869,AIZN
2870,AJRD
2871,AJXA
2872,AJYG
2873,AKAN
2874,AKOM
2875,AKTX
2876,AKVA
2877,ALAN
2878,ALAR
2879,ALBO
2880,ALBT
2881,ALBY
2882,ALCO
2883,ALEX
2884,ALFA
2885,ALGT
2886,ALIM
2887,ALKM
2888,ALKN
2889,ALKS
2890,ALLE
2891,ALLY
2892,ALMC
2893,ALOG
2894,ALOT
2895,ALPN
2896,ALPS
2897,ALRN
2898,ALRS
2899,ALSE
2900,ALSN
2901,ALST
2902,ALTG
2903,ALTL
2904,ALTO
2905,ALTY
2906,ALYA
2907,ALYI
2908,AMAL
2909,AMAT
2910,AMAX
2911,AMBK
2912,AMBP
2913,AMBS
2914,AMBZ
2915,AMCR
2916,AMED
2917,AMEH
2918,AMEN
2919,AMER
2920,AMFC
2921,AMGN
2922,AMGY
2923,AMHD
2924,AMHV
2925,AMIH
2926,AMIN
2927,AMJL
2928,AMKR
2929,AMLP
2930,AMNA
2931,AMNB
2932,AMND
2933,AMNF
2934,AMOM
2935,AMOT
2936,AMOV
2937,AMPG
2938,AMPY
2939,AMRK
2940,AMRN
2941,AMRS
2942,AMSA
2943,AMSC
2944,AMSF
2945,AMTB
2946,AMTX
2947,AMUB
2948,AMWD
2949,AMWK
2950,AMXX
2951,AMZA
2952,AMZN
2953,ANAS
2954,ANDC
2955,ANDE
2956,ANDI
2957,ANDR
2958,ANDV
2959,ANET
2960,ANEW
2961,ANGL
2962,ANIP
2963,ANIX
2964,ANSS
2965,ANTE
2966,ANTH
2967,AOAO
2968,AOBI
2969,AOIL
2970,AOLS
2971,AOXG
2972,AOXY
2973,APAM
2974,APCX
2975,APDN
2976,APEN
2977,APGI
2978,APLE
2979,APLO
2980,APLP
2981,APNI
2982,APOG
2983,APPB
2984,APPS
2985,APPZ
2986,APRE
2987,APRM
2988,APRN
2989,APRT
2990,APRU
2991,APRW
2992,APRZ
2993,APSI
2994,APTL
2995,APTO
2996,APTV
2997,APVO
2998,APVS
2999,APWC
3000,APXH
3001,APYI
3002,APYP
3003,AQNA
3004,AQNB
3005,AQUI
3006,AQWA
3007,ARAV
3008,ARBU
3009,ARCB
3010,ARCC
3011,ARCH
3012,ARCM
3013,ARCO
3014,ARCS
3015,ARCT
3016,ARCW
3017,ARDC
3018,AREB
3019,AREN
3020,ARES
3021,ARET
3022,ARGD
3023,ARGO
3024,ARGT
3025,ARHN
3026,ARII
3027,ARIS
3028,ARKF
3029,ARKG
3030,ARKK
3031,ARKO
3032,ARKQ
3033,ARKR
3034,ARKW
3035,ARLP
3036,ARMC
3037,ARMK
3038,ARMP
3039,ARMR
3040,ARNI
3041,AROC
3042,AROW
3043,ARPC
3044,ARSC
3045,ARTH
3046,ARTW
3047,ARWR
3048,ARYC
3049,ASAI
3050,ASBN
3051,ASCC
3052,ASCK
3053,ASCN
3054,ASDN
3055,ASEA
3056,ASET
3057,ASFX
3058,ASGI
3059,ASGN
3060,ASHG
3061,ASHR
3062,ASHS
3063,ASHX
3064,ASII
3065,ASIX
3066,ASKE
3067,ASLN
3068,ASMB
3069,ASML
3070,ASNB
3071,ASPU
3072,ASPW
3073,ASPY
3074,ASPZ
3075,ASRE
3076,ASRT
3077,ASRV
3078,ASTA
3079,ASTC
3080,ASTE
3081,ASTL
3082,ASTO
3083,ASUR
3084,ASXC
3085,ASYS
3086,ATCD
3087,ATCO
3088,ATDS
3089,ATEC
3090,ATEN
3091,ATGE
3092,ATHC
3093,ATHE
3094,ATHM
3095,ATLC
3096,ATLO
3097,ATMH
3098,ATMO
3099,ATMP
3100,ATMS
3101,ATNI
3102,ATNM
3103,ATOS
3104,ATRI
3105,ATRO
3106,ATRX
3107,ATTO
3108,ATUS
3109,ATVI
3110,ATVK
3111,ATWT
3112,ATXG
3113,ATXI
3114,ATXS
3115,ATYG
3116,AUBN
3117,AUDC
3118,AURI
3119,AUSF
3120,AVAL
3121,AVDE
3122,AVDV
3123,AVEM
3124,AVEO
3125,AVEW
3126,AVGO
3127,AVGR
3128,AVIG
3129,AVLP
3130,AVMU
3131,AVNI
3132,AVNT
3133,AVNW
3134,AVOA
3135,AVOI
3136,AVOZ
3137,AVPI
3138,AVRE
3139,AVRI
3140,AVSC
3141,AVSD
3142,AVSE
3143,AVSF
3144,AVSU
3145,AVTA
3146,AVTI
3147,AVTX
3148,AVUS
3149,AVUV
3150,AVVH
3151,AVXL
3152,AWAW
3153,AWAY
3154,AWHI
3155,AWKS
3156,AWON
3157,AWRE
3158,AWRY
3159,AWSL
3160,AWTM
3161,AXAS
3162,AXCG
3163,AXGN
3164,AXJL
3165,AXJV
3166,AXLX
3167,AXON
3168,AXRX
3169,AXTG
3170,AXXA
3171,AYAG
3172,AYRO
3173,AYTU
3174,AZAA
3175,AZAL
3176,AZBA
3177,AZBL
3178,AZFL
3179,AZIL
3180,AZPN
3181,AZRH
3182,BABB
3183,BABL
3184,BALY
3185,BANC
3186,BANF
3187,BANI
3188,BANR
3189,BANT
3190,BANX
3191,BAOB
3192,BATT
3193,BAYP
3194,BBAL
3195,BBAR
3196,BBAX
3197,BBBK
3198,BBBY
3199,BBCA
3200,BBCB
3201,BBDC
3202,BBDO
3203,BBEU
3204,BBGI
3205,BBHY
3206,BBIG
3207,BBIN
3208,BBJP
3209,BBLC
3210,BBLN
3211,BBLR
3212,BBLU
3213,BBMC
3214,BBOX
3215,BBRE
3216,BBRW
3217,BBSA
3218,BBSC
3219,BBSI
3220,BBUC
3221,BBUS
3222,BBVA
3223,BBWI
3224,BCAP
3225,BCAT
3226,BCBP
3227,BCCI
3228,BCDA
3229,BCDF
3230,BCDS
3231,BCII
3232,BCIM
3233,BCLI
3234,BCML
3235,BCNA
3236,BCND
3237,BCNN
3238,BCOR
3239,BCOW
3240,BCPC
3241,BCRD
3242,BCSO
3243,BCTF
3244,BCTX
3245,BDCO
3246,BDCX
3247,BDCZ
3248,BDFH
3249,BDGY
3250,BDMS
3251,BDXA
3252,BDXB
3253,BEBE
3254,BECN
3255,BECO
3256,BEDU
3257,BEDZ
3258,BEEM
3259,BEEN
3260,BEGI
3261,BELR
3262,BEMO
3263,BEOB
3264,BEPC
3265,BEPH
3266,BEPI
3267,BERI
3268,BERN
3269,BETW
3270,BETZ
3271,BEUT
3272,BFCC
3273,BFCH
3274,BFHJ
3275,BFIN
3276,BFIT
3277,BFNH
3278,BFOR
3279,BFST
3280,BGCP
3281,BGFV
3282,BGLD
3283,BGMD
3284,BGRN
3285,BGRP
3286,BGSF
3287,BGTK
3288,BHDB
3289,BHLB
3290,BHPA
3291,BHRB
3292,BHWB
3293,BIBL
3294,BICB
3295,BICK
3296,BICX
3297,BIDS
3298,BIDU
3299,BIEI
3300,BIGG
3301,BIGZ
3302,BIIB
3303,BIIO
3304,BIKR
3305,BILS
3306,BIMI
3307,BIOC
3308,BIOL
3309,BIOQ
3310,BIPC
3311,BIXT
3312,BIZD
3313,BJAN
3314,BJRI
3315,BKAG
3316,BKCC
3317,BKDT
3318,BKEM
3319,BKES
3320,BKFG
3321,BKGI
3322,BKGM
3323,BKHY
3324,BKIE
3325,BKIS
3326,BKLC
3327,BKLN
3328,BKMC
3329,BKNG
3330,BKOR
3331,BKSB
3332,BKSC
3333,BKSD
3334,BKSE
3335,BKTI
3336,BKUT
3337,BKYI
3338,BLBX
3339,BLCM
3340,BLCN
3341,BLDG
3342,BLDP
3343,BLES
3344,BLFS
3345,BLGI
3346,BLHK
3347,BLHY
3348,BLIN
3349,BLKB
3350,BLKC
3351,BLLB
3352,BLLD
3353,BLMC
3354,BLMN
3355,BLMS
3356,BLNK
3357,BLOK
3358,BLPG
3359,BLPH
3360,BLRX
3361,BLSP
3362,BLUE
3363,BLUU
3364,BMBN
3365,BMEZ
3366,BMGP
3367,BMLP
3368,BMMJ
3369,BMNM
3370,BMRA
3371,BMRC
3372,BMXC
3373,BNCC
3374,BNCM
3375,BNDC
3376,BNDW
3377,BNDX
3378,BNET
3379,BNGE
3380,BNGI
3381,BNKD
3382,BNKL
3383,BNMV
3384,BNOW
3385,BNRE
3386,BNSO
3387,BNTC
3388,BNXR
3389,BNYN
3390,BOCT
3391,BOIL
3392,BOKF
3393,BOMH
3394,BOND
3395,BONL
3396,BOOM
3397,BOON
3398,BOPO
3399,BORK
3400,BORR
3401,BORT
3402,BOSC
3403,BOSS
3404,BOTH
3405,BOTJ
3406,BOTY
3407,BOTZ
3408,BOUT
3409,BPAY
3410,BPMI
3411,BPOP
3412,BPRN
3413,BPTH
3414,BQST
3415,BRAV
3416,BRBS
3417,BRBW
3418,BRER
3419,BRFH
3420,BRFS
3421,BRGC
3422,BRGL
3423,BRGO
3424,BRID
3425,BRKL
3426,BRKR
3427,BRKY
3428,BRLN
3429,BRMK
3430,BRND
3431,BRNY
3432,BROE
3433,BRQS
3434,BRRN
3435,BRSE
3436,BRSI
3437,BRSP
3438,BRST
3439,BRTX
3440,BRVO
3441,BRYN
3442,BRZL
3443,BRZU
3444,BRZV
3445,BSAC
3446,BSAE
3447,BSBE
3448,BSBR
3449,BSCE
3450,BSCJ
3451,BSCK
3452,BSCL
3453,BSCM
3454,BSCN
3455,BSCO
3456,BSCP
3457,BSCQ
3458,BSCR
3459,BSCS
3460,BSCT
3461,BSCU
3462,BSDE
3463,BSEG
3464,BSEP
3465,BSET
3466,BSGM
3467,BSIG
3468,BSJJ
3469,BSJN
3470,BSJO
3471,BSJP
3472,BSJQ
3473,BSJR
3474,BSJS
3475,BSJT
3476,BSJU
3477,BSMN
3478,BSMO
3479,BSMP
3480,BSMQ
3481,BSMR
3482,BSMS
3483,BSMT
3484,BSMU
3485,BSMV
3486,BSMX
3487,BSND
3488,BSPA
3489,BSPK
3490,BSPM
3491,BSQR
3492,BSRR
3493,BSSP
3494,BSTG
3495,BSTZ
3496,BSVN
3497,BTAL
3498,BTCA
3499,BTCS
3500,BTDG
3501,BTEC
3502,BTGN
3503,BTOW
3504,BTTR
3505,BTZI
3506,BUDZ
3507,BUFF
3508,BULD
3509,BULT
3510,BULZ
3511,BUSC
3512,BUSE
3513,BUUZ
3514,BUYN
3515,BVAL
3516,BVFL
3517,BVTK
3518,BWEL
3519,BWEN
3520,BWFG
3521,BWMG
3522,BWMX
3523,BWMY
3524,BWNB
3525,BWPC
3526,BWSN
3527,BWVI
3528,BWXT
3529,BXLC
3530,BXMT
3531,BXMX
3532,BYBK
3533,BYFC
3534,BYLB
3535,BYLD
3536,BYRE
3537,BYRG
3538,BYRN
3539,BYTE
3540,BZRD
3541,CAAP
3542,CAAS
3543,CABO
3544,CABT
3545,CACC
3546,CACG
3547,CACH
3548,CACI
3549,CADE
3550,CAFD
3551,CAFS
3552,CAGR
3553,CAHI
3554,CAKE
3555,CALA
3556,CALC
3557,CALF
3558,CALL
3559,CALM
3560,CAMG
3561,CAMP
3562,CAMT
3563,CANB
3564,CANF
3565,CANG
3566,CANX
3567,CAOX
3568,CAPC
3569,CAPE
3570,CAPL
3571,CAPR
3572,CAPS
3573,CARE
3574,CARM
3575,CARR
3576,CARV
3577,CARY
3578,CARZ
3579,CASC
3580,CASH
3581,CASI
3582,CASS
3583,CASY
3584,CATC
3585,CATG
3586,CATH
3587,CATO
3588,CATV
3589,CATY
3590,CAVR
3591,CAWW
3592,CBAF
3593,CBAN
3594,CBAT
3595,CBBB
3596,CBBC
3597,CBBI
3598,CBCO
3599,CBDD
3600,CBDL
3601,CBDX
3602,CBDY
3603,CBEX
3604,CBFC
3605,CBFV
3606,CBGH
3607,CBGI
3608,CBHC
3609,CBIO
3610,CBKM
3611,CBND
3612,CBNK
3613,CBOE
3614,CBON
3615,CBRE
3616,CBRI
3617,CBRJ
3618,CBRL
3619,CBSE
3620,CBSH
3621,CBSI
3622,CBTC
3623,CBWA
3624,CBYI
3625,CCAP
3626,CCBC
3627,CCBG
3628,CCEP
3629,CCFC
3630,CCFN
3631,CCGM
3632,CCGY
3633,CCHI
3634,CCHZ
3635,CCLP
3636,CCLX
3637,CCNB
3638,CCNE
3639,CCOI
3640,CCON
3641,CCOR
3642,CCTC
3643,CCTL
3644,CCTR
3645,CCUR
3646,CCVS
3647,CCWF
3648,CCYC
3649,CCYY
3650,CDEX
3651,CDIX
3652,CDMO
3653,CDNS
3654,CDRE
3655,CDSG
3656,CDTI
3657,CDXC
3658,CDXI
3659,CDZI
3660,CEFA
3661,CEFC
3662,CEFD
3663,CEFL
3664,CEFS
3665,CEFZ
3666,CELH
3667,CELZ
3668,CEMB
3669,CEMI
3670,CENT
3671,CENX
3672,CEOS
3673,CEPU
3674,CEQP
3675,CERX
3676,CETX
3677,CETY
3678,CEVE
3679,CFBK
3680,CFCI
3681,CFCV
3682,CFFI
3683,CFFN
3684,CFGW
3685,CFGX
3686,CFIC
3687,CFIN
3688,CFNB
3689,CFOK
3690,CFPI
3691,CFRX
3692,CFST
3693,CGAC
3694,CGAU
3695,CGBD
3696,CGEI
3697,CGHC
3698,CGIP
3699,CGLD
3700,CGLO
3701,CGNH
3702,CGNX
3703,CGRN
3704,CGSD
3705,CGUS
3706,CGXU
3707,CHAM
3708,CHAU
3709,CHBH
3710,CHCI
3711,CHCO
3712,CHCR
3713,CHCT
3714,CHCX
3715,CHDN
3716,CHEK
3717,CHEP
3718,CHFN
3719,CHGI
3720,CHGX
3721,CHHL
3722,CHIC
3723,CHIE
3724,CHIH
3725,CHII
3726,CHIK
3727,CHIL
3728,CHIM
3729,CHIQ
3730,CHIR
3731,CHIS
3732,CHIT
3733,CHIU
3734,CHIX
3735,CHJI
3736,CHKP
3737,CHKR
3738,CHMG
3739,CHMI
3740,CHMP
3741,CHNA
3742,CHNC
3743,CHNO
3744,CHNR
3745,CHRA
3746,CHRB
3747,CHRD
3748,CHRW
3749,CHTM
3750,CHUC
3751,CHYI
3752,CHYL
3753,CHZQ
3754,CIBH
3755,CIBN
3756,CIBR
3757,CIBY
3758,CICN
3759,CIDM
3760,CIEN
3761,CIGI
3762,CIIT
3763,CINF
3764,CIRX
3765,CITY
3766,CITZ
3767,CIVB
3768,CIWT
3769,CIWV
3770,CIXX
3771,CIZN
3772,CJJD
3773,CJNK
3774,CLAD
3775,CLAR
3776,CLDT
3777,CLDX
3778,CLFD
3779,CLHI
3780,CLIS
3781,CLIX
3782,CLMT
3783,CLNO
3784,CLNR
3785,CLNV
3786,CLOA
3787,CLOI
3788,CLOU
3789,CLOW
3790,CLOZ
3791,CLPE
3792,CLPR
3793,CLPS
3794,CLPT
3795,CLRB
3796,CLRD
3797,CLRG
3798,CLRI
3799,CLRO
3800,CLSA
3801,CLSC
3802,CLSE
3803,CLSH
3804,CLSK
3805,CLSM
3806,CLTL
3807,CLTS
3808,CLWT
3809,CLWY
3810,CMBS
3811,CMCL
3812,CMCM
3813,CMCO
3814,CMCT
3815,CMDY
3816,CMFO
3817,CMFP
3818,CMFV
3819,CMHF
3820,CMHZ
3821,CMIM
3822,CMMB
3823,CMPD
3824,CMRE
3825,CMSA
3826,CMSC
3827,CMSD
3828,CMTG
3829,CMTL
3830,CMTV
3831,CMTX
3832,CMUV
3833,CNAF
3834,CNBA
3835,CNBB
3836,CNBL
3837,CNBN
3838,CNBS
3839,CNBW
3840,CNBX
3841,CNBZ
3842,CNCN
3843,CNCR
3844,CNCT
3845,CNDL
3846,CNER
3847,CNET
3848,CNFN
3849,CNGI
3850,CNGT
3851,CNHC
3852,CNHI
3853,CNHX
3854,CNLK
3855,CNMD
3856,CNNA
3857,CNNC
3858,CNND
3859,CNOB
3860,CNRD
3861,CNRG
3862,CNSL
3863,CNWT
3864,CNXC
3865,CNXN
3866,CNXS
3867,CNXT
3868,CNYA
3869,COBZ
3870,COCM
3871,COCP
3872,CODA
3873,CODI
3874,COFS
3875,COGT
3876,COHG
3877,COHN
3878,COHR
3879,COHU
3880,COKE
3881,COLB
3882,COLD
3883,COLM
3884,COMB
3885,COMG
3886,COMS
3887,COMT
3888,COMX
3889,CONC
3890,COOP
3891,COPX
3892,CORG
3893,CORP
3894,CORR
3895,COSG
3896,COSM
3897,COSO
3898,COST
3899,COTY
3900,COUV
3901,COWI
3902,COWN
3903,COWZ
3904,CPAC
3905,CPHC
3906,CPHI
3907,CPII
3908,CPKF
3909,CPLA
3910,CPLP
3911,CPRT
3912,CPSI
3913,CPSS
3914,CPTP
3915,CQQQ
3916,CRAI
3917,CRAK
3918,CRBG
3919,CRBN
3920,CRBO
3921,CRBP
3922,CRCT
3923,CRDF
3924,CRDV
3925,CREG
3926,CREX
3927,CRGE
3928,CRGP
3929,CRGY
3930,CRIS
3931,CRIT
3932,CRKR
3933,CRLI
3934,CRMD
3935,CRMT
3936,CRMZ
3937,CROP
3938,CROX
3939,CRSS
3940,CRTG
3941,CRTN
3942,CRUS
3943,CRUZ
3944,CRVH
3945,CRVL
3946,CRWS
3947,CRXM
3948,CRYP
3949,CRZY
3950,CSAN
3951,CSBB
3952,CSBK
3953,CSBR
3954,CSCO
3955,CSDT
3956,CSGP
3957,CSGS
3958,CSHI
3959,CSHX
3960,CSII
3961,CSKL
3962,CSML
3963,CSOC
3964,CSPI
3965,CSRA
3966,CSSE
3967,CSSI
3968,CSTE
3969,CSTI
3970,CSTR
3971,CSTW
3972,CSWC
3973,CSWI
3974,CTAM
3975,CTAS
3976,CTBB
3977,CTBI
3978,CTBK
3979,CTBO
3980,CTDD
3981,CTDN
3982,CTEC
3983,CTGL
3984,CTHR
3985,CTIB
3986,CTIC
3987,CTLP
3988,CTNR
3989,CTRA
3990,CTRE
3991,CTRM
3992,CTRN
3993,CTSH
3994,CTSO
3995,CTTC
3996,CTTH
3997,CTUY
3998,CTVA
3999,CTXR
4000,CTXV
4001,CTYP
4002,CUBA
4003,CUBB
4004,CUBE
4005,CUBI
4006,CUEN
4007,CULL
4008,CULP
4009,CURE
4010,CURO
4011,CUSI
4012,CVAR
4013,CVAT
4014,CVBF
4015,CVCO
4016,CVCY
4017,CVEO
4018,CVGW
4019,CVHL
4020,CVIE
4021,CVLC
4022,CVLG
4023,CVLY
4024,CVMC
4025,CVON
4026,CVRR
4027,CVST
4028,CWAI
4029,CWBC
4030,CWBK
4031,CWCO
4032,CWEB
4033,CWEN
4034,CWOC
4035,CWPS
4036,CWTC
4037,CXDC
4038,CXDO
4039,CXSE
4040,CYAN
4041,CYAP
4042,CYBA
4043,CYBD
4044,CYBF
4045,CYBL
4046,CYCA
4047,CYCC
4048,CYFL
4049,CYIO
4050,CYPE
4051,CYRN
4052,CYRX
4053,CYSM
4054,CYTH
4055,CYTK
4056,CYTO
4057,CYVF
4058,CZBC
4059,CZBS
4060,CZBT
4061,CZFS
4062,CZNB
4063,CZNC
4064,CZNL
4065,CZWI
4066,DAIO
4067,DAKT
4068,DALI
4069,DALN
4070,DALT
4071,DANR
4072,DAPP
4073,DARE
4074,DATI
4075,DAVE
4076,DBAW
4077,DBEF
4078,DBEM
4079,DBEU
4080,DBEZ
4081,DBGR
4082,DBIN
4083,DBJP
4084,DBKO
4085,DBLV
4086,DBMF
4087,DBMG
4088,DBMM
4089,DBRG
4090,DCAC
4091,DCOM
4092,DCTH
4093,DDDX
4094,DDIV
4095,DDLS
4096,DDWM
4097,DEAR
4098,DECK
4099,DECN
4100,DEED
4101,DEEF
4102,DEEP
4103,DEER
4104,DEFA
4105,DEFN
4106,DELL
4107,DEMZ
4108,DENI
4109,DEQI
4110,DESC
4111,DEUS
4112,DEWJ
4113,DEZU
4114,DFAC
4115,DFAE
4116,DFAI
4117,DFAS
4118,DFAT
4119,DFAU
4120,DFEN
4121,DFFN
4122,DFHL
4123,DFHY
4124,DFND
4125,DFNL
4126,DFNV
4127,DFUS
4128,DGAZ
4129,DGHI
4130,DGIF
4131,DGII
4132,DGIN
4133,DGLY
4134,DGRE
4135,DGRO
4136,DGRS
4137,DGRW
4138,DGTW
4139,DGWR
4140,DHDG
4141,DHIL
4142,DIAL
4143,DIAX
4144,DIET
4145,DIGP
4146,DIMC
4147,DINO
4148,DINT
4149,DIOD
4150,DIRV
4151,DISH
4152,DISV
4153,DIVB
4154,DIVD
4155,DIVI
4156,DIVO
4157,DIVS
4158,DIVZ
4159,DKAM
4160,DKGH
4161,DKGR
4162,DLCR
4163,DLHC
4164,DLII
4165,DLMI
4166,DLNG
4167,DLOC
4168,DLPN
4169,DLTI
4170,DLTR
4171,DLYT
4172,DMAC
4173,DMAN
4174,DMCD
4175,DMCY
4176,DMDV
4177,DMFG
4178,DMLP
4179,DMNB
4180,DMRC
4181,DMRR
4182,DMTK
4183,DMXF
4184,DNAX
4185,DNDT
4186,DNIF
4187,DNVB
4188,DOGS
4189,DOMR
4190,DOOO
4191,DORM
4192,DOUG
4193,DPBE
4194,DPSM
4195,DPST
4196,DPWW
4197,DQML
4198,DRIP
4199,DRIV
4200,DRLL
4201,DRMA
4202,DRNG
4203,DRNK
4204,DROP
4205,DRRX
4206,DRSK
4207,DRUA
4208,DRWN
4209,DSBX
4210,DSGT
4211,DSNY
4212,DSOL
4213,DSPC
4214,DSTL
4215,DSTX
4216,DSUS
4217,DSWL
4218,DTEC
4219,DTII
4220,DTRK
4221,DTRL
4222,DTRO
4223,DTSS
4224,DTST
4225,DTYS
4226,DUAL
4227,DUKB
4228,DUKH
4229,DURA
4230,DUSA
4231,DUSL
4232,DUST
4233,DUTV
4234,DUUO
4235,DVAL
4236,DVAR
4237,DVAX
4238,DVEM
4239,DVHL
4240,DVLN
4241,DVLU
4242,DVOL
4243,DVOP
4244,DVYA
4245,DVYE
4246,DVYL
4247,DWAQ
4248,DWAS
4249,DWAT
4250,DWAW
4251,DWCH
4252,DWCR
4253,DWEQ
4254,DWFI
4255,DWLD
4256,DWMC
4257,DWMF
4258,DWNX
4259,DWOG
4260,DWSH
4261,DWSN
4262,DWUS
4263,DXGE
4264,DXJS
4265,DXLG
4266,DXPE
4267,DXYN
4268,DYFN
4269,DYHG
4270,DYLD
4271,DYLS
4272,DYNE
4273,DYNF
4274,DYNT
4275,DZSI
4276,EACO
4277,EAGG
4278,EAOA
4279,EAOK
4280,EAOM
4281,EAOR
4282,EAPH
4283,EARI
4284,EARN
4285,EASG
4286,EAST
4287,EATR
4288,EATV
4289,EATZ
4290,EAXR
4291,EBAY
4292,EBIX
4293,EBIZ
4294,EBLU
4295,EBML
4296,EBMT
4297,EBND
4298,EBSH
4299,EBTC
4300,EBYH
4301,ECCE
4302,ECCI
4303,ECCW
4304,ECCY
4305,ECDD
4306,ECDP
4307,ECEZ
4308,ECGI
4309,ECGR
4310,ECHI
4311,ECLN
4312,ECMH
4313,ECNS
4314,ECON
4315,ECOR
4316,ECOW
4317,ECOX
4318,ECOZ
4319,ECPL
4320,ECPN
4321,ECRO
4322,ECSL
4323,ECTM
4324,ECVT
4325,ECXJ
4326,EDEN
4327,EDGW
4328,EDIV
4329,EDOC
4330,EDOG
4331,EDOW
4332,EDSA
4333,EDUC
4334,EDUT
4335,EEGI
4336,EELV
4337,EEMA
4338,EEMD
4339,EEMO
4340,EEMS
4341,EEMV
4342,EEMX
4343,EFAD
4344,EFAS
4345,EFAV
4346,EFAX
4347,EFBI
4348,EFCT
4349,EFFE
4350,EFIN
4351,EFIR
4352,EFIV
4353,EFIX
4354,EFNL
4355,EFOI
4356,EFRA
4357,EFSC
4358,EFSG
4359,EFSH
4360,EFSI
4361,EFXT
4362,EGAN
4363,EGBN
4364,EGIS
4365,EGLE
4366,EGPT
4367,EHOS
4368,EIDO
4369,EIGR
4370,EINC
4371,EIRL
4372,EJUL
4373,EKAR
4374,EKCS
4375,EKNL
4376,EKSO
4377,ELAT
4378,ELCO
4379,ELCR
4380,ELDN
4381,ELGL
4382,ELLO
4383,ELMA
4384,ELNX
4385,ELON
4386,ELOX
4387,ELRA
4388,ELRE
4389,ELSE
4390,ELST
4391,ELTK
4392,ELVG
4393,EMAN
4394,EMAX
4395,EMBA
4396,EMBC
4397,EMBD
4398,EMBK
4399,EMBR
4400,EMCA
4401,EMCB
4402,EMCH
4403,EMCR
4404,EMDV
4405,EMEM
4406,EMFM
4407,EMGF
4408,EMHC
4409,EMHY
4410,EMIF
4411,EMIH
4412,EMKR
4413,EMLC
4414,EMLP
4415,EMMA
4416,EMMF
4417,EMMS
4418,EMNT
4419,EMOR
4420,EMPS
4421,EMQQ
4422,EMSG
4423,EMSH
4424,EMTL
4425,EMTY
4426,EMXC
4427,EMXF
4428,EMYB
4429,ENBP
4430,ENCC
4431,ENCR
4432,ENCW
4433,ENDI
4434,ENDO
4435,ENDV
4436,ENFR
4437,ENGY
4438,ENHD
4439,ENIC
4440,ENLC
4441,ENLK
4442,ENLV
4443,ENMI
4444,ENOR
4445,ENRT
4446,ENSG
4447,ENSV
4448,ENTG
4449,ENTI
4450,ENTR
4451,ENVS
4452,ENZC
4453,ENZL
4454,ENZN
4455,EOSS
4456,EPAC
4457,EPAZ
4458,EPGC
4459,EPGL
4460,EPHE
4461,EPIX
4462,EPOL
4463,EPOR
4464,EPRF
4465,EPRT
4466,EPSN
4467,EQAL
4468,EQFN
4469,EQGP
4470,EQIX
4471,EQKR
4472,EQLB
4473,EQNR
4474,EQOP
4475,EQRR
4476,EQTE
4477,EQTL
4478,EQUR
4479,EQWL
4480,EQWM
4481,ERAO
4482,ERBB
4483,ERET
4484,ERFB
4485,ERGO
4486,ERHE
4487,ERIC
4488,ERIE
4489,ERMG
4490,ERMS
4491,ERNA
4492,ERSX
4493,ERTH
4494,ERUS
4495,ESBA
4496,ESCA
4497,ESCR
4498,ESEA
4499,ESEB
4500,ESGA
4501,ESGD
4502,ESGE
4503,ESGF
4504,ESGG
4505,ESGI
4506,ESGL
4507,ESGN
4508,ESGR
4509,ESGS
4510,ESGU
4511,ESGV
4512,ESGW
4513,ESGY
4514,ESHY
4515,ESLT
4516,ESMC
4517,ESML
4518,ESNC
4519,ESNG
4520,ESNT
4521,ESOA
4522,ESPO
4523,ESRT
4524,ESRX
4525,ESSA
4526,ESSE
4527,ESTE
4528,ESWW
4529,ESYL
4530,ETCK
4531,ETEK
4532,ETHE
4533,ETHO
4534,ETII
4535,ETKR
4536,ETNI
4537,ETPC
4538,ETRN
4539,EUBG
4540,EUDG
4541,EUDV
4542,EUFL
4543,EUFN
4544,EUMF
4545,EUMV
4546,EUOT
4547,EURL
4548,EURN
4549,EURZ
4550,EUSA
4551,EUSB
4552,EUSC
4553,EUXL
4554,EVBN
4555,EVCI
4556,EVFM
4557,EVGN
4558,EVHC
4559,EVIO
4560,EVLI
4561,EVMT
4562,EVNT
4563,EVOA
4564,EVOK
4565,EVOL
4566,EVRC
4567,EVRG
4568,EVSP
4569,EVSV
4570,EVTC
4571,EVTN
4572,EVTV
4573,EWBC
4574,EWCO
4575,EWCR
4576,EWEM
4577,EWGS
4578,EWJE
4579,EWJV
4580,EWKS
4581,EWLL
4582,EWLU
4583,EWMC
4584,EWRC
4585,EWSC
4586,EWUS
4587,EWZS
4588,EXAC
4589,EXCE
4590,EXCH
4591,EXMT
4592,EXPD
4593,EXPE
4594,EXPI
4595,EXPL
4596,EXPO
4597,EXPR
4598,EXRG
4599,EXSR
4600,EXTR
4601,EYLD
4602,EYPT
4603,EZPW
4604,EZTD
4605,FAAR
4606,FABP
4607,FACO
4608,FAGI
4609,FAHE
4610,FAIL
4611,FALC
4612,FALN
4613,FAME
4614,FAMI
4615,FANG
4616,FANH
4617,FARM
4618,FAST
4619,FAUS
4620,FAVO
4621,FBAK
4622,FBCD
4623,FBCG
4624,FBCV
4625,FBEC
4626,FBIP
4627,FBIZ
4628,FBMS
4629,FBNC
4630,FBND
4631,FBPA
4632,FBPI
4633,FBRT
4634,FBRX
4635,FBSE
4636,FBSI
4637,FBTT
4638,FBVI
4639,FCAL
4640,FCAP
4641,FCBC
4642,FCCN
4643,FCCO
4644,FCCT
4645,FCEF
4646,FCEL
4647,FCFS
4648,FCGD
4649,FCGY
4650,FCHS
4651,FCIC
4652,FCNE
4653,FCOB
4654,FCOM
4655,FCOR
4656,FCPB
4657,FCPI
4658,FCPT
4659,FCRD
4660,FCTR
4661,FCVT
4662,FDBC
4663,FDBH
4664,FDBL
4665,FDEM
4666,FDEU
4667,FDEV
4668,FDFT
4669,FDHC
4670,FDHT
4671,FDHY
4672,FDIS
4673,FDIT
4674,FDLB
4675,FDLO
4676,FDLS
4677,FDMO
4678,FDNI
4679,FDOC
4680,FDRR
4681,FDTC
4682,FDTS
4683,FDUS
4684,FDVA
4685,FDVV
4686,FEDU
4687,FEDX
4688,FEIM
4689,FELE
4690,FEMB
4691,FEMS
4692,FENG
4693,FENY
4694,FERG
4695,FERL
4696,FERN
4697,FETM
4698,FEUS
4699,FEUZ
4700,FFBC
4701,FFBW
4702,FFDF
4703,FFHG
4704,FFIC
4705,FFIN
4706,FFIU
4707,FFIV
4708,FFKT
4709,FFMH
4710,FFMR
4711,FFNM
4712,FFNW
4713,FFSG
4714,FFTG
4715,FFTI
4716,FFTY
4717,FFWC
4718,FFWM
4719,FFZY
4720,FGBI
4721,FGFH
4722,FGRO
4723,FHBC
4724,FHLB
4725,FHLC
4726,FIAX
4727,FIBH
4728,FIBK
4729,FIBR
4730,FICO
4731,FICS
4732,FIDI
4733,FIDS
4734,FIDU
4735,FIEB
4736,FIGB
4737,FILL
4738,FINL
4739,FINN
4740,FINS
4741,FINV
4742,FINX
4743,FINZ
4744,FIRT
4745,FISB
4746,FISI
4747,FISK
4748,FISR
4749,FISV
4750,FITB
4751,FITE
4752,FITX
4753,FIVA
4754,FIVG
4755,FIXD
4756,FIZN
4757,FIZZ
4758,FJHL
4759,FJNK
4760,FKWL
4761,FKYS
4762,FLAU
4763,FLAX
4764,FLBL
4765,FLBR
4766,FLCA
4767,FLCB
4768,FLCH
4769,FLCO
4770,FLCX
4771,FLDR
4772,FLEE
4773,FLEH
4774,FLES
4775,FLEW
4776,FLEX
4777,FLFG
4778,FLFR
4779,FLGB
4780,FLGR
4781,FLGV
4782,FLHK
4783,FLHY
4784,FLIA
4785,FLIC
4786,FLIN
4787,FLIO
4788,FLIY
4789,FLJH
4790,FLJP
4791,FLKR
4792,FLLA
4793,FLLV
4794,FLMB
4795,FLMI
4796,FLMX
4797,FLNG
4798,FLNT
4799,FLOT
4800,FLQL
4801,FLQM
4802,FLQS
4803,FLRE
4804,FLRG
4805,FLRN
4806,FLRT
4807,FLRU
4808,FLSA
4809,FLSP
4810,FLSS
4811,FLST
4812,FLSW
4813,FLTB
4814,FLTN
4815,FLTR
4816,FLTW
4817,FLUD
4818,FLXP
4819,FLXS
4820,FLZA
4821,FMAG
4822,FMAO
4823,FMAT
4824,FMBH
4825,FMBL
4826,FMBM
4827,FMBN
4828,FMBV
4829,FMCB
4830,FMCC
4831,FMFG
4832,FMFP
4833,FMHI
4834,FMHS
4835,FMIA
4836,FMIL
4837,FMNB
4838,FMNJ
4839,FMNY
4840,FMOO
4841,FMYR
4842,FNAM
4843,FNBG
4844,FNCB
4845,FNCL
4846,FNCX
4847,FNDA
4848,FNDB
4849,FNDC
4850,FNDE
4851,FNDF
4852,FNDX
4853,FNEC
4854,FNFI
4855,FNGD
4856,FNGG
4857,FNGO
4858,FNGS
4859,FNGU
4860,FNLC
4861,FNMA
4862,FNRC
4863,FNRN
4864,FNWB
4865,FNWD
4866,FONR
4867,FONU
4868,FORA
4869,FORD
4870,FORH
4871,FORR
4872,FORU
4873,FORW
4874,FORZ
4875,FOSL
4876,FOTB
4877,FOVL
4878,FOXA
4879,FPAG
4880,FPAY
4881,FPCG
4882,FPEI
4883,FPFD
4884,FPRO
4885,FPWM
4886,FPXE
4887,FPXI
4888,FQAL
4889,FQCC
4890,FRAF
4891,FRBA
4892,FRBK
4893,FRCN
4894,FRDM
4895,FREL
4896,FRFC
4897,FRFR
4898,FRGT
4899,FRLI
4900,FRMB
4901,FRME
4902,FRNV
4903,FRPH
4904,FRSB
4905,FRST
4906,FRTD
4907,FRTN
4908,FRZT
4909,FSBC
4910,FSBW
4911,FSCR
4912,FSDK
4913,FSEC
4914,FSFF
4915,FSFG
4916,FSIG
4917,FSLD
4918,FSMB
4919,FSMD
4920,FSMK
4921,FSMO
4922,FSPM
4923,FSTA
4924,FSTF
4925,FSTR
4926,FSWA
4927,FTAG
4928,FTAI
4929,FTCO
4930,FTCS
4931,FTDL
4932,FTEC
4933,FTEG
4934,FTFT
4935,FTGC
4936,FTHI
4937,FTHY
4938,FTLB
4939,FTLF
4940,FTLS
4941,FTNT
4942,FTPM
4943,FTQI
4944,FTRI
4945,FTRS
4946,FTSD
4947,FTSL
4948,FTSM
4949,FTVA
4950,FTXG
4951,FTXH
4952,FTXL
4953,FTXN
4954,FTXO
4955,FTXP
4956,FTXR
4957,FUGI
4958,FULT
4959,FUMB
4960,FUNC
4961,FUND
4962,FUNL
4963,FURY
4964,FUSB
4965,FUST
4966,FUTL
4967,FUTY
4968,FVAL
4969,FVCB
4970,FVTI
4971,FWDB
4972,FWRD
4973,FWVB
4974,FXBY
4975,FXLG
4976,FXNC
4977,FXSG
4978,FYLD
4979,FZMD
4980,FZRO
4981,GABC
4982,GABK
4983,GACR
4984,GAHC
4985,GAIA
4986,GAIN
4987,GALT
4988,GAME
4989,GAMI
4990,GAMR
4991,GARD
4992,GASL
4993,GASS
4994,GASX
4995,GATX
4996,GAWK
4997,GAXY
4998,GBAB
4999,GBCI
5000,GBCS
5001,GBDC
5002,GBDV
5003,GBEN
5004,GBGR
5005,GBHL
5006,GBIL
5007,GBLD
5008,GBLI
5009,GBLX
5010,GBNK
5011,GBTC
5012,GBUX
5013,GBUY
5014,GBXI
5015,GCBC
5016,GCCO
5017,GCEH
5018,GCFB
5019,GCMG
5020,GCOR
5021,GCOW
5022,GDAT
5023,GDEN
5024,GDET
5025,GDMA
5026,GDNA
5027,GDVM
5028,GDXJ
5029,GDXS
5030,GDXU
5031,GDXX
5032,GECC
5033,GEHI
5034,GELV
5035,GENC
5036,GENE
5037,GENX
5038,GENY
5039,GEOS
5040,GERM
5041,GERN
5042,GERS
5043,GETH
5044,GEVI
5045,GEVO
5046,GFIN
5047,GFLU
5048,GFOO
5049,GFRP
5050,GGAL
5051,GGII
5052,GGSM
5053,GHAV
5054,GHII
5055,GHLD
5056,GHMP
5057,GHSI
5058,GHST
5059,GHYB
5060,GHYG
5061,GIFI
5062,GIFX
5063,GIGA
5064,GIGB
5065,GIGM
5066,GIII
5067,GILD
5068,GILT
5069,GINN
5070,GIPL
5071,GIPR
5072,GLAD
5073,GLAE
5074,GLBH
5075,GLBR
5076,GLBS
5077,GLBY
5078,GLBZ
5079,GLCC
5080,GLCH
5081,GLCN
5082,GLCO
5083,GLDB
5084,GLDD
5085,GLDI
5086,GLDM
5087,GLDX
5088,GLGI
5089,GLHV
5090,GLIF
5091,GLIN
5092,GLNG
5093,GLNV
5094,GLOF
5095,GLOP
5096,GLOV
5097,GLPI
5098,GLRP
5099,GLUC
5100,GMAB
5101,GMBL
5102,GMER
5103,GMET
5104,GMEV
5105,GMGI
5106,GMGZ
5107,GMNI
5108,GMOM
5109,GMPR
5110,GMRE
5111,GMTA
5112,GNAL
5113,GNGR
5114,GNMA
5115,GNOM
5116,GNOW
5117,GNPG
5118,GNRC
5119,GNSS
5120,GNTX
5121,GNTY
5122,GNUS
5123,GOAT
5124,GOAU
5125,GOCO
5126,GOEX
5127,GOGL
5128,GOHG
5129,GOLD
5130,GOLF
5131,GOOD
5132,GOOG
5133,GOOI
5134,GORO
5135,GOVB
5136,GOVT
5137,GOVZ
5138,GPDB
5139,GPFT
5140,GPGC
5141,GPJA
5142,GPLS
5143,GPMT
5144,GPRE
5145,GPRK
5146,GPTX
5147,GQRE
5148,GRBK
5149,GRCU
5150,GREK
5151,GRES
5152,GRFS
5153,GRID
5154,GRIN
5155,GRLT
5156,GRMN
5157,GRNB
5158,GRNF
5159,GRNL
5160,GRNQ
5161,GRNR
5162,GRNT
5163,GROM
5164,GROW
5165,GROY
5166,GRPN
5167,GRPX
5168,GRSO
5169,GRVY
5170,GRWC
5171,GRYN
5172,GSAC
5173,GSBC
5174,GSBD
5175,GSBX
5176,GSDC
5177,GSEE
5178,GSEU
5179,GSEW
5180,GSFI
5181,GSHD
5182,GSID
5183,GSIE
5184,GSIG
5185,GSIH
5186,GSJY
5187,GSLC
5188,GSML
5189,GSPH
5190,GSPT
5191,GSPY
5192,GSRX
5193,GSSC
5194,GSST
5195,GSTC
5196,GSTX
5197,GSUS
5198,GSVI
5199,GTBP
5200,GTCH
5201,GTCP
5202,GTEH
5203,GTII
5204,GTIM
5205,GTIP
5206,GTPS
5207,GUDB
5208,GULF
5209,GUNR
5210,GURE
5211,GURU
5212,GUSA
5213,GUSH
5214,GVAL
5215,GVDI
5216,GVFF
5217,GVIP
5218,GVSI
5219,GVYB
5220,GWOX
5221,GWPD
5222,GWRS
5223,GWSN
5224,GXTG
5225,GXXM
5226,GYLD
5227,GYOG
5228,GYRO
5229,GYST
5230,GYTI
5231,GZCC
5232,HABC
5233,HACK
5234,HADV
5235,HAFC
5236,HAFG
5237,HAIL
5238,HAIN
5239,HALL
5240,HALN
5241,HAPI
5242,HAPP
5243,HAPY
5244,HARL
5245,HART
5246,HASI
5247,HAUP
5248,HAUS
5249,HAUZ
5250,HAWX
5251,HAYN
5252,HBAN
5253,HBCP
5254,HBIA
5255,HBIO
5256,HBNC
5257,HBRM
5258,HBSI
5259,HCBC
5260,HCBN
5261,HCEI
5262,HCFL
5263,HCGI
5264,HCGS
5265,HCKG
5266,HCKT
5267,HCLC
5268,HCMC
5269,HCOM
5270,HCRB
5271,HCSG
5272,HCXY
5273,HCXZ
5274,HDAW
5275,HDEF
5276,HDGE
5277,HDIH
5278,HDIV
5279,HDLB
5280,HDLS
5281,HDLV
5282,HDMV
5283,HDNG
5284,HDRO
5285,HEAR
5286,HECO
5287,HEDJ
5288,HEEM
5289,HEES
5290,HEFA
5291,HELE
5292,HELX
5293,HEMP
5294,HEPA
5295,HEQT
5296,HERD
5297,HERO
5298,HESM
5299,HEWA
5300,HEWC
5301,HEWG
5302,HEWJ
5303,HEWU
5304,HEXO
5305,HEZU
5306,HFBA
5307,HFBK
5308,HFBL
5309,HFRO
5310,HFWA
5311,HFXE
5312,HFXI
5313,HFXJ
5314,HGBL
5315,HGEN
5316,HGLB
5317,HHGI
5318,HHSE
5319,HIBB
5320,HIBL
5321,HIBS
5322,HIFS
5323,HIGH
5324,HIHI
5325,HIHO
5326,HIMR
5327,HIMX
5328,HIPH
5329,HIPO
5330,HIPS
5331,HISF
5332,HJEN
5333,HJPX
5334,HKBT
5335,HKND
5336,HLAL
5337,HLAN
5338,HLFN
5339,HLGE
5340,HLIO
5341,HLIT
5342,HLNE
5343,HLRD
5344,HLWD
5345,HLXW
5346,HMLA
5347,HMLN
5348,HMNF
5349,HMNY
5350,HMOP
5351,HMST
5352,HNDI
5353,HNDL
5354,HNNA
5355,HNRG
5356,HOFT
5357,HOLD
5358,HOLI
5359,HOLX
5360,HOMB
5361,HOMZ
5362,HONE
5363,HONR
5364,HONT
5365,HOPE
5366,HOTH
5367,HOUS
5368,HPMM
5369,HPTN
5370,HPTO
5371,HRAL
5372,HRCR
5373,HROW
5374,HRST
5375,HRTG
5376,HRTT
5377,HRTX
5378,HRZN
5379,HSBC
5380,HSBK
5381,HSCZ
5382,HSDT
5383,HSEB
5384,HSIC
5385,HSII
5386,HSKA
5387,HSMV
5388,HSON
5389,HSPX
5390,HSRT
5391,HSTA
5392,HSTC
5393,HSTG
5394,HSTM
5395,HSTO
5396,HTAB
5397,HTBI
5398,HTBK
5399,HTFA
5400,HTFB
5401,HTGC
5402,HTGM
5403,HTHT
5404,HTIA
5405,HTLD
5406,HTLF
5407,HTRB
5408,HTUS
5409,HUBB
5410,HUBG
5411,HUBV
5412,HUGE
5413,HUML
5414,HURC
5415,HUSA
5416,HUSV
5417,HUTN
5418,HVBC
5419,HWAL
5420,HWBK
5421,HWGG
5422,HWKN
5423,HWRI
5424,HWSY
5425,HXBM
5426,HXPN
5427,HYBB
5428,HYBE
5429,HYBT
5430,HYDB
5431,HYDD
5432,HYDI
5433,HYDR
5434,HYDW
5435,HYEG
5436,HYEM
5437,HYEX
5438,HYGH
5439,HYGI
5440,HYGV
5441,HYGW
5442,HYHG
5443,HYHY
5444,HYIN
5445,HYLB
5446,HYLD
5447,HYLG
5448,HYLS
5449,HYMB
5450,HYMU
5451,HYTR
5452,HYUP
5453,HYXE
5454,HYXF
5455,HYXU
5456,HYZD
5457,HZHI
5458,IAGG
5459,IAHL
5460,IART
5461,IAUF
5462,IBBJ
5463,IBCE
5464,IBCP
5465,IBDD
5466,IBDK
5467,IBDO
5468,IBDP
5469,IBDQ
5470,IBDR
5471,IBDS
5472,IBDT
5473,IBDU
5474,IBDV
5475,IBDW
5476,IBDX
5477,IBET
5478,IBGR
5479,IBHC
5480,IBHD
5481,IBHE
5482,IBHF
5483,IBHG
5484,IBHH
5485,IBHI
5486,IBIO
5487,IBKR
5488,IBLC
5489,IBMH
5490,IBML
5491,IBMM
5492,IBMN
5493,IBMO
5494,IBMP
5495,IBMQ
5496,IBND
5497,IBOC
5498,IBRC
5499,IBTA
5500,IBTB
5501,IBTD
5502,IBTE
5503,IBTF
5504,IBTG
5505,IBTH
5506,IBTI
5507,IBTJ
5508,IBTK
5509,IBTN
5510,IBTX
5511,IBUY
5512,IBWC
5513,ICAD
5514,ICBT
5515,ICBU
5516,ICCC
5517,ICCT
5518,ICFI
5519,ICLD
5520,ICLN
5521,ICLR
5522,ICMB
5523,ICNM
5524,ICOA
5525,ICOW
5526,ICRD
5527,ICSH
5528,ICUI
5529,ICVT
5530,IDCC
5531,IDEA
5532,IDEV
5533,IDEX
5534,IDFB
5535,IDHD
5536,IDHQ
5537,IDIV
5538,IDLB
5539,IDLV
5540,IDMO
5541,IDNA
5542,IDOG
5543,IDRA
5544,IDRV
5545,IDXG
5546,IDXX
5547,IECS
5548,IEDI
5549,IEFA
5550,IEHC
5551,IEMD
5552,IEMG
5553,IEMV
5554,IESC
5555,IETC
5556,IEUR
5557,IEUS
5558,IFAN
5559,IFEU
5560,IFGL
5561,IFIX
5562,IFLM
5563,IFLY
5564,IFNY
5565,IFRA
5566,IFSB
5567,IFXY
5568,IGBH
5569,IGEB
5570,IGEX
5571,IGHG
5572,IGIB
5573,IGIC
5574,IGLB
5575,IGLD
5576,IGNT
5577,IGOV
5578,IGPK
5579,IGRO
5580,IGRW
5581,IGSB
5582,IGTR
5583,IGVT
5584,IHAK
5585,IHDG
5586,IHGP
5587,IHIT
5588,IHRC
5589,IHTA
5590,IHTI
5591,IHYD
5592,IHYF
5593,IHYV
5594,IIGD
5595,IIGV
5596,IIIN
5597,IINX
5598,IIPR
5599,IJJP
5600,IJUL
5601,IKTO
5602,ILCB
5603,ILCG
5604,ILCV
5605,ILIM
5606,ILMN
5607,ILPT
5608,ILST
5609,ILTB
5610,ILUS
5611,IMAX
5612,IMBI
5613,IMCB
5614,IMCG
5615,IMCV
5616,IMFD
5617,IMFI
5618,IMFP
5619,IMGX
5620,IMHC
5621,IMII
5622,IMLP
5623,IMMP
5624,IMOM
5625,IMOS
5626,IMSI
5627,IMTB
5628,IMTH
5629,IMTM
5630,IMTV
5631,IMUN
5632,IMUX
5633,INAR
5634,INBK
5635,INBP
5636,INCO
5637,INCT
5638,INCY
5639,INDA
5640,INDB
5641,INDL
5642,INDP
5643,INDT
5644,INDY
5645,INFI
5646,INFL
5647,INFY
5648,INGR
5649,INHC
5650,INIX
5651,INKM
5652,INKW
5653,INLB
5654,INLX
5655,INMU
5656,INNI
5657,INOD
5658,INOH
5659,INOQ
5660,INPX
5661,INQR
5662,INRE
5663,INSG
5664,INSI
5665,INSM
5666,INSO
5667,INSW
5668,INTC
5669,INTF
5670,INTG
5671,INTK
5672,INTL
5673,INTP
5674,INTT
5675,INTU
5676,INTX
5677,INTZ
5678,INUV
5679,INVA
5680,INVE
5681,INVH
5682,INVU
5683,IOSP
5684,IOVA
5685,IPAC
5686,IPAR
5687,IPAS
5688,IPAY
5689,IPCC
5690,IPDN
5691,IPDP
5692,IPEU
5693,IPKW
5694,IPOS
5695,IPPP
5696,IPSI
5697,IPUB
5698,IPWR
5699,IQDE
5700,IQDF
5701,IQDG
5702,IQDY
5703,IQHI
5704,IQIN
5705,IQLT
5706,IQSI
5707,IQSU
5708,IRBA
5709,IRBL
5710,IRBO
5711,IRCC
5712,IRDM
5713,IRMD
5714,IRON
5715,IROQ
5716,IRVH
5717,IRWD
5718,ISBA
5719,ISBC
5720,ISCB
5721,ISCF
5722,ISCG
5723,ISCO
5724,ISCV
5725,ISDB
5726,ISDR
5727,ISDX
5728,ISEM
5729,ISHG
5730,ISHP
5731,ISIG
5732,ISMD
5733,ISOL
5734,ISRA
5735,ISRB
5736,ISRG
5737,ISSC
5738,ISTB
5739,ISTR
5740,ISVL
5741,ISWN
5742,ISZE
5743,ITCB
5744,ITEC
5745,ITEQ
5746,ITEX
5747,ITIC
5748,ITMC
5749,ITNM
5750,ITNS
5751,ITOT
5752,ITOX
5753,ITRN
5754,ITRO
5755,ITUB
5756,ITVI
5757,IUSB
5758,IUSG
5759,IUSS
5760,IUSV
5761,IVAL
5762,IVDA
5763,IVES
5764,IVFH
5765,IVLC
5766,IVLU
5767,IVOG
5768,IVOL
5769,IVOO
5770,IVOV
5771,IVRA
5772,IVSG
5773,IVST
5774,IWFH
5775,IXSE
5776,IXUS
5777,IYLD
5778,IYXI
5779,IZEA
5780,IZNN
5781,IZRL
5782,JAAA
5783,JACK
5784,JACO
5785,JADA
5786,JAGR
5787,JAGX
5788,JAKK
5789,JAMN
5790,JANL
5791,JANZ
5792,JBGS
5793,JBHT
5794,JBLU
5795,JBSS
5796,JBTC
5797,JBZY
5798,JCPB
5799,JCPI
5800,JCTR
5801,JDIV
5802,JDST
5803,JDVB
5804,JEMD
5805,JEPI
5806,JERT
5807,JETR
5808,JETS
5809,JFBC
5810,JFWV
5811,JHAA
5812,JHCB
5813,JHCS
5814,JHEM
5815,JHMA
5816,JHMC
5817,JHMD
5818,JHME
5819,JHML
5820,JHMM
5821,JHPI
5822,JHSC
5823,JIGB
5824,JILL
5825,JJSF
5826,JKHY
5827,JKSM
5828,JLMC
5829,JMBA
5830,JMBS
5831,JMIN
5832,JMOM
5833,JMSB
5834,JMST
5835,JMTM
5836,JMUB
5837,JNMF
5838,JNPR
5839,JNSH
5840,JNUG
5841,JOAN
5842,JOET
5843,JOEY
5844,JOJO
5845,JOUT
5846,JOYY
5847,JPED
5848,JPEM
5849,JPEU
5850,JPGB
5851,JPGE
5852,JPHY
5853,JPIB
5854,JPIN
5855,JPMB
5856,JPME
5857,JPMF
5858,JPMV
5859,JPNL
5860,JPSE
5861,JPST
5862,JPUS
5863,JPXN
5864,JQUA
5865,JRSH
5866,JRSS
5867,JRVR
5868,JSCP
5869,JSMD
5870,JSML
5871,JSTC
5872,JSTS
5873,JTBK
5874,JTNB
5875,JUST
5876,JUVF
5877,JVAL
5878,JXSB
5879,JZZI
5880,KALG
5881,KALL
5882,KALO
5883,KALU
5884,KALV
5885,KALY
5886,KAMN
5887,KARB
5888,KARE
5889,KARO
5890,KARS
5891,KAST
5892,KATX
5893,KAVL
5894,KAYS
5895,KBAL
5896,KBLB
5897,KBND
5898,KBPH
5899,KBWB
5900,KBWD
5901,KBWP
5902,KBWR
5903,KBWY
5904,KCCB
5905,KCLI
5906,KCNY
5907,KDFI
5908,KDKN
5909,KDNY
5910,KEFI
5911,KEGX
5912,KEMQ
5913,KEMX
5914,KENS
5915,KEQU
5916,KERN
5917,KESG
5918,KEWL
5919,KFFB
5920,KFRC
5921,KFYP
5922,KGET
5923,KGHI
5924,KGJI
5925,KGKG
5926,KGRI
5927,KGRN
5928,KINS
5929,KIRK
5930,KISB
5931,KKRS
5932,KLAC
5933,KLCD
5934,KLDW
5935,KLIB
5936,KLIC
5937,KLIP
5938,KLNE
5939,KLNG
5940,KLXE
5941,KLYG
5942,KMDA
5943,KMED
5944,KMGH
5945,KMPH
5946,KMPR
5947,KNBA
5948,KNGS
5949,KNKT
5950,KNOP
5951,KNOW
5952,KNSL
5953,KNTK
5954,KOAN
5955,KOCT
5956,KOIN
5957,KOKU
5958,KOLD
5959,KOMP
5960,KOPN
5961,KORP
5962,KORU
5963,KOSK
5964,KOSS
5965,KOVR
5966,KPOC
5967,KREF
5968,KRMA
5969,KRNY
5970,KRTL
5971,KSBI
5972,KSET
5973,KSIH
5974,KSPN
5975,KSSH
5976,KTBA
5977,KTHN
5978,KTOS
5979,KTRA
5980,KURU
5981,KVIL
5982,KVLE
5983,KWBT
5984,KWEB
5985,KYNC
5986,KZIA
5987,LAAB
5988,LABD
5989,LABU
5990,LADR
5991,LADX
5992,LAKE
5993,LAMR
5994,LANC
5995,LAND
5996,LANZ
5997,LARK
5998,LATF
5999,LBAI
6000,LBAS
6001,LBAY
6002,LBDC
6003,LBRG
6004,LBRT
6005,LBSR
6006,LBTD
6007,LBTI
6008,LBUY
6009,LCFY
6010,LCII
6011,LCLG
6012,LCLP
6013,LCNB
6014,LCTD
6015,LCTU
6016,LCTX
6017,LCUT
6018,LDEM
6019,LDOS
6020,LDRI
6021,LDRS
6022,LDSF
6023,LDUR
6024,LEAD
6025,LEAS
6026,LEAT
6027,LECO
6028,LEDS
6029,LEGR
6030,LEJU
6031,LEMB
6032,LEVI
6033,LFAP
6034,LFEQ
6035,LFER
6036,LFGP
6037,LFUS
6038,LFVN
6039,LGBI
6040,LGBT
6041,LGIQ
6042,LGLV
6043,LGMK
6044,LGNC
6045,LGND
6046,LGOV
6047,LGTT
6048,LICH
6049,LICT
6050,LIFE
6051,LILA
6052,LIME
6053,LINC
6054,LINK
6055,LINS
6056,LIQT
6057,LITH
6058,LIVE
6059,LIXT
6060,LKAI
6061,LKCO
6062,LKFN
6063,LKOR
6064,LKST
6065,LLBO
6066,LLQD
6067,LMAT
6068,LMBS
6069,LMFA
6070,LMHA
6071,LMHB
6072,LMNL
6073,LMNR
6074,LMPX
6075,LMSC
6076,LMST
6077,LNCE
6078,LNGG
6079,LNGR
6080,LNXW
6081,LOAN
6082,LODE
6083,LOGI
6084,LOGL
6085,LOGN
6086,LOGQ
6087,LOGX
6088,LOMA
6089,LONZ
6090,LOPP
6091,LOTE
6092,LOWC
6093,LPHM
6094,LPLA
6095,LPTH
6096,LQDH
6097,LQDI
6098,LQDW
6099,LQIG
6100,LQWC
6101,LRCX
6102,LRDG
6103,LRDR
6104,LRET
6105,LRFC
6106,LRGE
6107,LRGF
6108,LRGR
6109,LRMR
6110,LSAF
6111,LSAT
6112,LSBK
6113,LSCC
6114,LSCG
6115,LSFG
6116,LSST
6117,LSTR
6118,LTBR
6119,LTCP
6120,LTDH
6121,LTEC
6122,LTFD
6123,LTHO
6124,LTPZ
6125,LTRE
6126,LTRX
6127,LTSA
6128,LTTC
6129,LTUS
6130,LULU
6131,LUMB
6132,LUMN
6133,LUMO
6134,LUXE
6135,LVGI
6136,LVHB
6137,LVHD
6138,LVHE
6139,LVHI
6140,LVIN
6141,LVOL
6142,LVVV
6143,LWAY
6144,LWCL
6145,LWLW
6146,LXFR
6147,LXRX
6148,LYBC
6149,LYFE
6150,LYLT
6151,LYTS
6152,MAAL
6153,MAAX
6154,MACE
6155,MACK
6156,MAGA
6157,MAGE
6158,MAHI
6159,MAIN
6160,MAKX
6161,MALG
6162,MAMB
6163,MANH
6164,MANU
6165,MARA
6166,MARB
6167,MARK
6168,MARZ
6169,MASI
6170,MATR
6171,MATV
6172,MATW
6173,MATX
6174,MAXR
6175,MAXX
6176,MBBB
6177,MBCN
6178,MBDC
6179,MBIN
6180,MBKL
6181,MBLU
6182,MBND
6183,MBOT
6184,MBOX
6185,MBRX
6186,MBSD
6187,MBVA
6188,MBWM
6189,MCAP
6190,MCBC
6191,MCBG
6192,MCBI
6193,MCBK
6194,MCBS
6195,MCCK
6196,MCDA
6197,MCEM
6198,MCET
6199,MCFT
6200,MCHA
6201,MCHB
6202,MCHI
6203,MCHN
6204,MCHP
6205,MCHT
6206,MCHX
6207,MCIC
6208,MCIM
6209,MCOA
6210,MCPB
6211,MCPH
6212,MCRI
6213,MCRO
6214,MCVT
6215,MDAV
6216,MDCE
6217,MDCN
6218,MDEX
6219,MDGL
6220,MDGP
6221,MDGS
6222,MDIN
6223,MDIT
6224,MDIV
6225,MDKM
6226,MDLM
6227,MDLQ
6228,MDLX
6229,MDLZ
6230,MDRR
6231,MDRX
6232,MDTC
6233,MDVL
6234,MDVT
6235,MDWK
6236,MDXG
6237,MDXL
6238,MDYG
6239,MDYV
6240,MEAR
6241,MEDT
6242,MEIP
6243,MELI
6244,MEOH
6245,MERC
6246,MERG
6247,MERR
6248,METC
6249,METV
6250,MEXX
6251,MFBP
6252,MFCO
6253,MFDB
6254,MFDX
6255,MFEM
6256,MFGI
6257,MFGP
6258,MFIN
6259,MFMS
6260,MFON
6261,MFUS
6262,MGAG
6263,MGEE
6264,MGHL
6265,MGIC
6266,MGLG
6267,MGLO
6268,MGON
6269,MGPI
6270,MGRB
6271,MGRC
6272,MGRD
6273,MGUY
6274,MGYR
6275,MHGU
6276,MHHC
6277,MHLA
6278,MHLD
6279,MHNC
6280,MHPC
6281,MICR
6282,MICT
6283,MIDD
6284,MIDE
6285,MIDU
6286,MIFF
6287,MIGI
6288,MIHL
6289,MIKP
6290,MILN
6291,MINC
6292,MINE
6293,MINN
6294,MINO
6295,MINT
6296,MITI
6297,MITT
6298,MIXT
6299,MIXX
6300,MJLB
6301,MJWL
6302,MKSI
6303,MKTX
6304,MLAB
6305,MLCG
6306,MLCO
6307,MLFB
6308,MLGF
6309,MLHC
6310,MLMN
6311,MLOV
6312,MLPA
6313,MLPB
6314,MLPC
6315,MLPE
6316,MLPG
6317,MLPI
6318,MLPO
6319,MLPQ
6320,MLPR
6321,MLPX
6322,MLPY
6323,MLQD
6324,MLRT
6325,MLSS
6326,MLVF
6327,MMAM
6328,MMAT
6329,MMCA
6330,MMEX
6331,MMIN
6332,MMIT
6333,MMLG
6334,MMLP
6335,MMMM
6336,MMND
6337,MMNT
6338,MMSI
6339,MMTC
6340,MMTM
6341,MNAP
6342,MNAT
6343,MNBP
6344,MNDO
6345,MNDP
6346,MNIZ
6347,MNKD
6348,MNMB
6349,MNMD
6350,MNPP
6351,MNRO
6352,MNSB
6353,MNSF
6354,MNST
6355,MNVN
6356,MNZO
6357,MOAT
6358,MOBQ
6359,MOCI
6360,MOFG
6361,MOJO
6362,MOMO
6363,MOMT
6364,MOON
6365,MORN
6366,MORT
6367,MOTE
6368,MOTG
6369,MOTI
6370,MOTO
6371,MOTS
6372,MOXC
6373,MPAD
6374,MPAY
6375,MPHD
6376,MPLX
6377,MPML
6378,MPRO
6379,MPWR
6380,MRBK
6381,MRCC
6382,MRCY
6383,MRDH
6384,MRES
6385,MRGN
6386,MRGO
6387,MRGR
6388,MRIB
6389,MRIN
6390,MRKR
6391,MRNJ
6392,MRNS
6393,MRRL
6394,MRTI
6395,MRTN
6396,MRVL
6397,MRZM
6398,MSBC
6399,MSBI
6400,MSCC
6401,MSCI
6402,MSEX
6403,MSEZ
6404,MSFD
6405,MSFG
6406,MSFT
6407,MSFU
6408,MSGM
6409,MSGR
6410,MSGS
6411,MSIU
6412,MSMR
6413,MSMY
6414,MSPC
6415,MSSV
6416,MSTB
6417,MSTR
6418,MSUS
6419,MSVB
6420,MSVX
6421,MSWV
6422,MTCH
6423,MTDR
6424,MTEM
6425,MTEX
6426,MTGE
6427,MTGP
6428,MTLK
6429,MTPR
6430,MTRN
6431,MTRX
6432,MTST
6433,MTUM
6434,MTVR
6435,MUEL
6436,MUFG
6437,MULG
6438,MUNI
6439,MUSA
6440,MUST
6441,MUTE
6442,MVBF
6443,MVCD
6444,MVES
6445,MVIN
6446,MVIS
6447,MVLY
6448,MVPS
6449,MVPT
6450,MVRL
6451,MWBC
6452,MWWC
6453,MXDE
6454,MXDU
6455,MXSG
6456,MYBF
6457,MYFT
6458,MYGN
6459,MYMD
6460,MYRX
6461,MYSL
6462,MYSN
6463,MYSZ
6464,NACB
6465,NACP
6466,NAFS
6467,NAHD
6468,NAIL
6469,NANR
6470,NAOV
6471,NASB
6472,NATH
6473,NATI
6474,NATR
6475,NAUH
6476,NAVB
6477,NAVI
6478,NBCO
6479,NBGV
6480,NBHC
6481,NBRI
6482,NBRV
6483,NBTB
6484,NBVG
6485,NBXG
6486,NCAL
6487,NCMI
6488,NCPL
6489,NCSM
6490,NCTY
6491,NCXS
6492,NDAQ
6493,NDEV
6494,NDIV
6495,NDMO
6496,NDSN
6497,NEAR
6498,NECA
6499,NECB
6500,NEED
6501,NEFB
6502,NEGG
6503,NEOG
6504,NEOM
6505,NEON
6506,NEPH
6507,NEPT
6508,NERD
6509,NERV
6510,NETI
6511,NETL
6512,NEVE
6513,NEWT
6514,NEXA
6515,NFBK
6516,NFLT
6517,NFLX
6518,NFPC
6519,NFRA
6520,NFSE
6521,NFTN
6522,NFTY
6523,NGCG
6524,NGHT
6525,NGMC
6526,NGRC
6527,NGVC
6528,NHLI
6529,NHMD
6530,NHTC
6531,NICE
6532,NICH
6533,NICK
6534,NIDB
6535,NIHL
6536,NIKA
6537,NILA
6538,NIMC
6539,NJCB
6540,NKSH
6541,NKTR
6542,NMCO
6543,NMEX
6544,NMFC
6545,NMGC
6546,NMGX
6547,NMOC
6548,NMRD
6549,NMRK
6550,NMTC
6551,NMTR
6552,NMXS
6553,NNBP
6554,NNBR
6555,NNDM
6556,NNMX
6557,NNRI
6558,NNUP
6559,NNVC
6560,NOAH
6561,NOBH
6562,NOBL
6563,NOCT
6564,NODB
6565,NOEC
6566,NOHO
6567,NORW
6568,NOVC
6569,NOVN
6570,NOVT
6571,NOXL
6572,NPCT
6573,NPHC
6574,NRBO
6575,NRBT
6576,NREF
6577,NRGD
6578,NRGT
6579,NRGU
6580,NRGX
6581,NRIM
6582,NRLB
6583,NRPI
6584,NRUC
6585,NSAV
6586,NSFC
6587,NSIT
6588,NSPR
6589,NSPT
6590,NSRS
6591,NSSC
6592,NSTM
6593,NSYC
6594,NTAP
6595,NTBP
6596,NTCO
6597,NTEI
6598,NTEK
6599,NTES
6600,NTFL
6601,NTGL
6602,NTGR
6603,NTIC
6604,NTII
6605,NTIP
6606,NTKI
6607,NTRR
6608,NTRS
6609,NTSE
6610,NTSI
6611,NTST
6612,NTSX
6613,NTWK
6614,NUAG
6615,NUBC
6616,NUBD
6617,NUDM
6618,NUEC
6619,NUEM
6620,NUGL
6621,NUGT
6622,NUHY
6623,NUKK
6624,NULC
6625,NULG
6626,NULV
6627,NUMG
6628,NUMV
6629,NUNZ
6630,NURE
6631,NURO
6632,NUSA
6633,NUSC
6634,NUSI
6635,NUVR
6636,NUWE
6637,NVAX
6638,NVCN
6639,NVDA
6640,NVEC
6641,NVFY
6642,NVGI
6643,NVGS
6644,NVGT
6645,NVIV
6646,NVRO
6647,NWBI
6648,NWBO
6649,NWCN
6650,NWFL
6651,NWLI
6652,NWPP
6653,NWSA
6654,NWTT
6655,NWUC
6656,NWYF
6657,NWYU
6658,NXCR
6659,NXEN
6660,NXGM
6661,NXGN
6662,NXGT
6663,NXMR
6664,NXNN
6665,NXPI
6666,NXRT
6667,NXSI
6668,NXST
6669,NXTG
6670,NXTH
6671,NXTN
6672,NXTP
6673,NYCB
6674,NYMT
6675,NYRT
6676,NYXO
6677,NZIH
6678,OAKV
6679,OBIL
6680,OBLG
6681,OBND
6682,OBNK
6683,OBOR
6684,OCCI
6685,OCFC
6686,OCGN
6687,OCIO
6688,OCIP
6689,OCLN
6690,OCLR
6691,OCNB
6692,OCSI
6693,OCSL
6694,OCUP
6695,ODFL
6696,OEUR
6697,OFED
6698,OFLX
6699,OFSI
6700,OGAA
6701,OGCP
6702,OICT
6703,OILK
6704,OILY
6705,OJOC
6706,OJSY
6707,OLCB
6708,OLED
6709,OLVI
6710,OMAB
6711,OMEX
6712,OMFL
6713,OMFS
6714,OMID
6715,OMMH
6716,OMOM
6717,OMPS
6718,OMQS
6719,OMRX
6720,OMTK
6721,OMWS
6722,ONBI
6723,ONCI
6724,ONCS
6725,ONCT
6726,ONCY
6727,ONEI
6728,ONEO
6729,ONEQ
6730,ONEV
6731,ONEW
6732,ONEY
6733,ONLN
6734,ONOF
6735,ONPH
6736,ONSM
6737,ONTX
6738,ONVC
6739,ONVO
6740,OOAG
6741,OOGI
6742,OPBK
6743,OPCH
6744,OPER
6745,OPGN
6746,OPHC
6747,OPMZ
6748,OPNT
6749,OPOF
6750,OPRX
6751,OPST
6752,OPTL
6753,OPTT
6754,OPXS
6755,OQAL
6756,ORAN
6757,ORBN
6758,ORBT
6759,ORCC
6760,ORCL
6761,ORFR
6762,ORGH
6763,ORGS
6764,ORIG
6765,ORLY
6766,ORMP
6767,ORPB
6768,ORRF
6769,ORSX
6770,ORTX
6771,ORYX
6772,OSBC
6773,OSBK
6774,OSCN
6775,OSCV
6776,OSIZ
6777,OSKA
6778,OSUR
6779,OTCM
6780,OTEX
6781,OTIS
6782,OTLC
6783,OTLK
6784,OTOW
6785,OTRK
6786,OTTR
6787,OTTV
6788,OTTW
6789,OUSA
6790,OUSM
6791,OVBC
6792,OVIT
6793,OVLU
6794,OVLY
6795,OVOL
6796,OWCP
6797,OWPC
6798,OWVI
6799,OXBC
6800,OXBR
6801,OXLC
6802,OXSQ
6803,OYLD
6804,OZSC
6805,PAAS
6806,PACA
6807,PACV
6808,PACW
6809,PAGP
6810,PAHC
6811,PALC
6812,PALI
6813,PALS
6814,PALT
6815,PAMC
6816,PANL
6817,PAOG
6818,PAPR
6819,PARD
6820,PARR
6821,PASO
6822,PATI
6823,PATK
6824,PAUG
6825,PAVE
6826,PAVS
6827,PAWH
6828,PAWZ
6829,PAXS
6830,PAYX
6831,PBAJ
6832,PBCO
6833,PBDC
6834,PBDM
6835,PBEE
6836,PBEV
6837,PBHC
6838,PBHG
6839,PBIO
6840,PBKC
6841,PBLA
6842,PBNC
6843,PBND
6844,PBNK
6845,PBOX
6846,PBSK
6847,PBSM
6848,PBSV
6849,PBTP
6850,PBUS
6851,PCAR
6852,PCBN
6853,PCEF
6854,PCGU
6855,PCHK
6856,PCHM
6857,PCLB
6858,PCNT
6859,PCOA
6860,PCPJ
6861,PCRB
6862,PCSA
6863,PCST
6864,PCTI
6865,PCYG
6866,PCYO
6867,PDBC
6868,PDCE
6869,PDCO
6870,PDER
6871,PDEV
6872,PDEX
6873,PDGO
6874,PDMI
6875,PDPR
6876,PDRB
6877,PDRX
6878,PDSB
6879,PDXP
6880,PEAK
6881,PEBC
6882,PEBK
6883,PEBO
6884,PECO
6885,PEGA
6886,PEGX
6887,PEGY
6888,PEHD
6889,PENN
6890,PERI
6891,PERY
6892,PESI
6893,PETS
6894,PETV
6895,PEXL
6896,PFBC
6897,PFBN
6898,PFBX
6899,PFFA
6900,PFFD
6901,PFFL
6902,PFFR
6903,PFFV
6904,PFHO
6905,PFIG
6906,PFIN
6907,PFIS
6908,PFLC
6909,PFLD
6910,PFLT
6911,PFNO
6912,PFRL
6913,PFSF
6914,PFSI
6915,PFSW
6916,PFTI
6917,PFXF
6918,PGAL
6919,PGAS
6920,PGHY
6921,PGID
6922,PGRE
6923,PHDG
6924,PHIL
6925,PHIO
6926,PHMB
6927,PHOT
6928,PHYL
6929,PIAC
6930,PICB
6931,PICK
6932,PIFI
6933,PIHN
6934,PILL
6935,PINC
6936,PINE
6937,PIPR
6938,PIXY
6939,PJET
6940,PJUL
6941,PKBK
6942,PKIN
6943,PKKW
6944,PKOH
6945,PKPH
6946,PLAB
6947,PLAG
6948,PLAT
6949,PLAY
6950,PLBC
6951,PLCE
6952,PLCY
6953,PLFF
6954,PLGC
6955,PLKT
6956,PLNT
6957,PLOW
6958,PLPC
6959,PLPL
6960,PLRM
6961,PLSI
6962,PLTM
6963,PLUG
6964,PLUS
6965,PLWN
6966,PLXP
6967,PLXS
6968,PLYM
6969,PLYR
6970,PLYZ
6971,PMCB
6972,PMHG
6973,PMHV
6974,PMOM
6975,PMSO
6976,PMTS
6977,PNBC
6978,PNBI
6979,PNBK
6980,PNFP
6981,PNGM
6982,PNNT
6983,PNPL
6984,PNQI
6985,POAI
6986,POCT
6987,POGS
6988,PONT
6989,POOL
6990,POSC
6991,POTN
6992,POTX
6993,POWI
6994,POWL
6995,PPAL
6996,PPBI
6997,PPBN
6998,PPBT
6999,PPCB
7000,PPHI
7001,PPII
7002,PPJE
7003,PPLL
7004,PPMT
7005,PPRG
7006,PPSC
7007,PPSI
7008,PPTY
7009,PQDI
7010,PQIN
7011,PQLC
7012,PQSG
7013,PQSV
7014,PRAA
7015,PRAC
7016,PRCX
7017,PRDL
7018,PRDO
7019,PRED
7020,PREF
7021,PRFZ
7022,PRGO
7023,PRGS
7024,PRID
7025,PRIM
7026,PRKR
7027,PRLE
7028,PRMO
7029,PRMW
7030,PRNT
7031,PROM
7032,PROT
7033,PROV
7034,PRPH
7035,PRPO
7036,PRPS
7037,PRRE
7038,PRSI
7039,PRSO
7040,PRTK
7041,PRTR
7042,PRTT
7043,PRVU
7044,PRXM
7045,PRZM
7046,PSBC
7047,PSBP
7048,PSBQ
7049,PSCC
7050,PSCD
7051,PSCE
7052,PSCF
7053,PSCH
7054,PSCI
7055,PSCM
7056,PSCO
7057,PSCR
7058,PSCT
7059,PSCU
7060,PSEC
7061,PSET
7062,PSFT
7063,PSHG
7064,PSIQ
7065,PSMB
7066,PSMC
7067,PSMG
7068,PSMM
7069,PSMT
7070,PSPW
7071,PSRU
7072,PSSS
7073,PSTL
7074,PSTV
7075,PSWW
7076,PSYC
7077,PTAM
7078,PTBD
7079,PTBS
7080,PTCO
7081,PTCP
7082,PTEN
7083,PTEU
7084,PTIN
7085,PTIX
7086,PTLC
7087,PTLF
7088,PTMC
7089,PTMN
7090,PTNQ
7091,PTNR
7092,PTOG
7093,PTOP
7094,PTPI
7095,PTRB
7096,PTRC
7097,PTRS
7098,PTSH
7099,PTSI
7100,PTVE
7101,PUBC
7102,PULM
7103,PULS
7104,PULT
7105,PUMD
7106,PURE
7107,PUTW
7108,PVAL
7109,PVBC
7110,PVBK
7111,PVCT
7112,PVNC
7113,PVRS
7114,PVSP
7115,PWBK
7116,PWOD
7117,PXFG
7118,PXHI
7119,PXLG
7120,PXLW
7121,PXMG
7122,PXMV
7123,PXSG
7124,PXSV
7125,PYBX
7126,PYPE
7127,PZOO
7128,PZZA
7129,QABA
7130,QARP
7131,QBAK
7132,QBAN
7133,QBIO
7134,QCCO
7135,QCLN
7136,QCOM
7137,QCRH
7138,QDEF
7139,QDIV
7140,QDPL
7141,QDYN
7142,QEDN
7143,QEFA
7144,QEMM
7145,QEPC
7146,QFIN
7147,QGEN
7148,QGRO
7149,QGSI
7150,QGTA
7151,QIAN
7152,QING
7153,QINT
7154,QIWI
7155,QKLS
7156,QLGN
7157,QLIS
7158,QLTA
7159,QLVD
7160,QLVE
7161,QMCO
7162,QMEI
7163,QMIS
7164,QMOM
7165,QNBC
7166,QNTO
7167,QPFF
7168,QQEW
7169,QQQA
7170,QQQE
7171,QQQJ
7172,QQQM
7173,QQQN
7174,QQQX
7175,QQXT
7176,QRFT
7177,QRHC
7178,QRVO
7179,QSAM
7180,QSPW
7181,QTCI
7182,QTEC
7183,QTUM
7184,QUAD
7185,QUAL
7186,QUBT
7187,QUCT
7188,QUGB
7189,QUIK
7190,QUMU
7191,QVAL
7192,QVCC
7193,QVCD
7194,QWLD
7195,QYLD
7196,QYLG
7197,RAAX
7198,RACE
7199,RAFE
7200,RAFI
7201,RAFX
7202,RAIL
7203,RAIO
7204,RAKR
7205,RAMP
7206,RAND
7207,RASP
7208,RAVE
7209,RAVI
7210,RAYT
7211,RBAZ
7212,RBBN
7213,RBCL
7214,RBCN
7215,RBDC
7216,RBII
7217,RBIN
7218,RBND
7219,RBNW
7220,RBRG
7221,RBUS
7222,RCAR
7223,RCAT
7224,RCBC
7225,RCEL
7226,RCII
7227,RCKT
7228,RCKY
7229,RCMH
7230,RCMT
7231,RCMW
7232,RCON
7233,RCRT
7234,RDAR
7235,RDCM
7236,RDCO
7237,RDFI
7238,RDGL
7239,RDIV
7240,RDNT
7241,RDOG
7242,RDVA
7243,RDVY
7244,RDWD
7245,RDWR
7246,REAC
7247,REAX
7248,RECS
7249,REDV
7250,REDW
7251,REED
7252,REEM
7253,REET
7254,REFA
7255,REFI
7256,REFR
7257,REGL
7258,REIS
7259,REIT
7260,RELI
7261,RELL
7262,RELV
7263,RELX
7264,REMX
7265,RENN
7266,RENS
7267,RENU
7268,RENX
7269,REOS
7270,REPX
7271,RESD
7272,RESE
7273,RESP
7274,RETL
7275,REVG
7276,REVS
7277,REXR
7278,REYN
7279,RFBC
7280,RFCI
7281,RFDA
7282,RFDI
7283,RFEM
7284,RFEU
7285,RFFC
7286,RFII
7287,RFIL
7288,RFMZ
7289,RFNS
7290,RFUN
7291,RGBD
7292,RGCO
7293,RGGI
7294,RGIN
7295,RGLB
7296,RGLD
7297,RGLS
7298,RGSG
7299,RGST
7300,RHCB
7301,RHWI
7302,RIBT
7303,RICK
7304,RIDV
7305,RIGH
7306,RIGL
7307,RIGS
7308,RILY
7309,RINF
7310,RING
7311,RINO
7312,RIOT
7313,RISN
7314,RISR
7315,RITA
7316,RITE
7317,RITM
7318,RITT
7319,RIVT
7320,RJDG
7321,RKDA
7322,RKFL
7323,RKTE
7324,RLAB
7325,RLBD
7326,RLBY
7327,RLJE
7328,RLMD
7329,RLTR
7330,RMAX
7331,RMBI
7332,RMBL
7333,RMBS
7334,RMCF
7335,RMED
7336,RMGN
7337,RMHB
7338,RMRK
7339,RMSL
7340,RMTD
7341,RNDM
7342,RNDV
7343,RNEM
7344,RNLC
7345,RNMC
7346,RNRG
7347,RNSC
7348,RNST
7349,RNVA
7350,RNVT
7351,RNWF
7352,ROAM
7353,ROBK
7354,ROBO
7355,ROBT
7356,ROCK
7357,RODE
7358,RODM
7359,ROGS
7360,ROIC
7361,ROKK
7362,ROKT
7363,ROMO
7364,ROOF
7365,RORE
7366,ROSC
7367,ROST
7368,ROTH
7369,ROUS
7370,ROWC
7371,ROYE
7372,ROYL
7373,RPAR
7374,RPFG
7375,RPRX
7376,RRBI
7377,RRRI
7378,RRRT
7379,RRTS
7380,RSAU
7381,RSCI
7382,RSLS
7383,RSPI
7384,RSPY
7385,RSRV
7386,RSYS
7387,RTAI
7388,RTLR
7389,RTME
7390,RTNB
7391,RTSO
7392,RUSL
7393,RUSS
7394,RUTH
7395,RVCB
7396,RVNU
7397,RVRB
7398,RVRC
7399,RVSB
7400,RVTI
7401,RVYL
7402,RWCB
7403,RWCD
7404,RWDC
7405,RWDE
7406,RWED
7407,RWGV
7408,RWIU
7409,RWLK
7410,RWLS
7411,RWMI
7412,RWSL
7413,RWUI
7414,RWVG
7415,RWWI
7416,RYAM
7417,RYES
7418,RYLD
7419,RYMM
7420,RZLT
7421,RZZN
7422,SABR
7423,SACC
7424,SACH
7425,SADL
7426,SAFE
7427,SAFS
7428,SAFT
7429,SAGD
7430,SAGG
7431,SAHN
7432,SAIA
7433,SAIC
7434,SALM
7435,SALN
7436,SAMG
7437,SAML
7438,SAMT
7439,SAND
7440,SANM
7441,SANP
7442,SAPX
7443,SARK
7444,SASI
7445,SASR
7446,SATO
7447,SATS
7448,SATT
7449,SAVA
7450,SAVN
7451,SBAC
7452,SBBG
7453,SBCF
7454,SBDG
7455,SBES
7456,SBET
7457,SBEV
7458,SBFG
7459,SBGI
7460,SBIO
7461,SBKO
7462,SBLK
7463,SBNC
7464,SBND
7465,SBNY
7466,SBRA
7467,SBSI
7468,SBSW
7469,SBUX
7470,SCAP
7471,SCBS
7472,SCBZ
7473,SCCB
7474,SCCC
7475,SCCO
7476,SCDA
7477,SCFR
7478,SCGX
7479,SCGY
7480,SCHA
7481,SCHB
7482,SCHC
7483,SCHD
7484,SCHE
7485,SCHF
7486,SCHG
7487,SCHH
7488,SCHI
7489,SCHJ
7490,SCHK
7491,SCHL
7492,SCHM
7493,SCHN
7494,SCHO
7495,SCHP
7496,SCHQ
7497,SCHR
7498,SCHV
7499,SCHW
7500,SCHX
7501,SCHY
7502,SCHZ
7503,SCIF
7504,SCIN
7505,SCKT
7506,SCMB
7507,SCNA
7508,SCND
7509,SCOO
7510,SCPJ
7511,SCRD
7512,SCRH
7513,SCSC
7514,SCTC
7515,SCTO
7516,SCVL
7517,SCWO
7518,SCYT
7519,SCYX
7520,SCZC
7521,SDAG
7522,SDCI
7523,SDEF
7524,SDEI
7525,SDEM
7526,SDGA
7527,SDHY
7528,SDIV
7529,SDNI
7530,SDOG
7531,SDON
7532,SDOW
7533,SDSI
7534,SDVY
7535,SEAC
7536,SEAS
7537,SEAT
7538,SEBC
7539,SECD
7540,SECI
7541,SECO
7542,SECT
7543,SEDN
7544,SEED
7545,SEEK
7546,SEEL
7547,SEIC
7548,SEII
7549,SEIX
7550,SELF
7551,SFBC
7552,SFBS
7553,SFDL
7554,SFET
7555,SFHD
7556,SFIG
7557,SFIN
7558,SFLM
7559,SFLR
7560,SFNC
7561,SFRX
7562,SFST
7563,SFYF
7564,SFYX
7565,SGBX
7566,SGDH
7567,SGDJ
7568,SGDM
7569,SGMD
7570,SGNI
7571,SGOL
7572,SGOV
7573,SGRB
7574,SGTB
7575,SGTM
7576,SHAG
7577,SHBI
7578,SHCC
7579,SHEN
7580,SHGR
7581,SHIP
7582,SHLD
7583,SHLM
7584,SHOO
7585,SHYD
7586,SHYF
7587,SHYG
7588,SHYL
7589,SIAF
7590,SIEB
7591,SIEN
7592,SIFI
7593,SIFY
7594,SIGA
7595,SIGI
7596,SIGO
7597,SIHY
7598,SILC
7599,SILJ
7600,SILO
7601,SIMO
7602,SIMS
7603,SINC
7604,SING
7605,SINT
7606,SIOX
7607,SIPN
7608,SIRE
7609,SIRI
7610,SISI
7611,SITC
7612,SITS
7613,SIVB
7614,SIXA
7615,SIXH
7616,SIXL
7617,SIXS
7618,SIZE
7619,SJIJ
7620,SJIV
7621,SJNK
7622,SKAS
7623,SKOR
7624,SKPI
7625,SKRJ
7626,SKVI
7627,SKWG
7628,SKYS
7629,SKYW
7630,SKYY
7631,SLCA
7632,SLCH
7633,SLDB
7634,SLGN
7635,SLIM
7636,SLNG
7637,SLNM
7638,SLNO
7639,SLQD
7640,SLRC
7641,SLRX
7642,SLTN
7643,SLVO
7644,SLVP
7645,SLYG
7646,SLYV
7647,SMAA
7648,SMAL
7649,SMBC
7650,SMBK
7651,SMCE
7652,SMCP
7653,SMDD
7654,SMDV
7655,SMDY
7656,SMEV
7657,SMFG
7658,SMFX
7659,SMHB
7660,SMID
7661,SMIG
7662,SMIN
7663,SMIT
7664,SMKG
7665,SMLE
7666,SMLF
7667,SMLP
7668,SMLV
7669,SMMD
7670,SMMF
7671,SMMU
7672,SMMV
7673,SMOG
7674,SMPP
7675,SMSI
7676,SMTC
7677,SMTI
7678,SNBR
7679,SNDD
7680,SNDR
7681,SNES
7682,SNEX
7683,SNGX
7684,SNLC
7685,SNLN
7686,SNLP
7687,SNMN
7688,SNMP
7689,SNOA
7690,SNPD
7691,SNPE
7692,SNPG
7693,SNPS
7694,SNPV
7695,SNPW
7696,SNPX
7697,SNRY
7698,SNSR
7699,SNTG
7700,SNTW
7701,SNTX
7702,SNVP
7703,SNWR
7704,SNYR
7705,SOBS
7706,SOCL
7707,SODI
7708,SOFO
7709,SOFT
7710,SOHI
7711,SOHO
7712,SOIL
7713,SOJA
7714,SOJB
7715,SOJC
7716,SOJD
7717,SOJE
7718,SOLS
7719,SOMC
7720,SOME
7721,SONC
7722,SONM
7723,SONN
7724,SONY
7725,SOWG
7726,SOXL
7727,SOXQ
7728,SOXS
7729,SOXX
7730,SPAB
7731,SPBC
7732,SPBO
7733,SPCB
7734,SPCO
7735,SPDC
7736,SPDE
7737,SPDN
7738,SPDV
7739,SPDW
7740,SPEM
7741,SPEU
7742,SPFF
7743,SPFI
7744,SPGI
7745,SPGM
7746,SPGP
7747,SPGZ
7748,SPHB
7749,SPHD
7750,SPHQ
7751,SPHY
7752,SPIB
7753,SPIL
7754,SPIP
7755,SPLB
7756,SPLG
7757,SPLM
7758,SPLP
7759,SPLV
7760,SPLY
7761,SPMB
7762,SPMD
7763,SPMI
7764,SPMO
7765,SPMV
7766,SPNS
7767,SPOI
7768,SPOK
7769,SPOM
7770,SPPI
7771,SPRE
7772,SPRN
7773,SPRV
7774,SPRX
7775,SPSB
7776,SPSC
7777,SPSK
7778,SPSM
7779,SPTI
7780,SPTL
7781,SPTM
7782,SPTN
7783,SPTS
7784,SPUC
7785,SPUS
7786,SPUU
7787,SPVM
7788,SPVU
7789,SPWR
7790,SPXB
7791,SPXC
7792,SPXE
7793,SPXL
7794,SPXN
7795,SPXS
7796,SPXT
7797,SPXU
7798,SPXV
7799,SPXX
7800,SPYB
7801,SPYC
7802,SPYD
7803,SPYG
7804,SPYV
7805,SPYX
7806,SQCC
7807,SQCF
7808,SQEW
7809,SQFT
7810,SQLV
7811,SQNS
7812,SQQQ
7813,SRAX
7814,SRCE
7815,SRCH
7816,SRCL
7817,SRCO
7818,SRCU
7819,SRDX
7820,SREA
7821,SRET
7822,SRGA
7823,SRGZ
7824,SRHQ
7825,SRLN
7826,SRLY
7827,SRMX
7828,SRNE
7829,SRNN
7830,SRPT
7831,SRRE
7832,SRSG
7833,SRSN
7834,SRTY
7835,SRVR
7836,SRYB
7837,SSBI
7838,SSET
7839,SSKN
7840,SSLY
7841,SSNC
7842,SSNT
7843,SSOK
7844,SSPX
7845,SSPY
7846,SSRM
7847,SSSS
7848,SSTK
7849,SSTT
7850,SSUR
7851,SSUS
7852,SSVC
7853,SSWA
7854,SSYS
7855,STAA
7856,STAF
7857,STAG
7858,STAR
7859,STBA
7860,STBI
7861,STBZ
7862,STCB
7863,STCN
7864,STEP
7865,STEV
7866,STGF
7867,STGW
7868,STGZ
7869,STHC
7870,STHI
7871,STIP
7872,STLA
7873,STLD
7874,STLG
7875,STLV
7876,STLY
7877,STNC
7878,STNG
7879,STNT
7880,STOR
7881,STOT
7882,STPZ
7883,STRA
7884,STRB
7885,STRH
7886,STRI
7887,STRR
7888,STRS
7889,STRT
7890,STRW
7891,STSC
7892,STWD
7893,STXS
7894,STYS
7895,SUGR
7896,SUND
7897,SUNW
7898,SUPP
7899,SUPV
7900,SUQU
7901,SURE
7902,SURG
7903,SUSA
7904,SUSB
7905,SUSC
7906,SUSL
7907,SUTI
7908,SUVZ
7909,SUWN
7910,SVAD
7911,SVAL
7912,SVBL
7913,SVBT
7914,SVIN
7915,SVLT
7916,SVSE
7917,SVSN
7918,SVSO
7919,SVVB
7920,SVVC
7921,SVXY
7922,SWAN
7923,SWBI
7924,SWEB
7925,SWKH
7926,SWKS
7927,SWSH
7928,SXTC
7929,SYBT
7930,SYBX
7931,SYII
7932,SYLD
7933,SYNA
7934,SYNE
7935,SYNJ
7936,SYNT
7937,SYPR
7938,SYPT
7939,SYQH
7940,SYVN
7941,SZNE
7942,TAAG
7943,TACE
7944,TACI
7945,TACO
7946,TACT
7947,TAFI
7948,TAGG
7949,TAIL
7950,TAIT
7951,TAKD
7952,TANH
7953,TAOP
7954,TAPM
7955,TAPP
7956,TARA
7957,TARO
7958,TAST
7959,TATT
7960,TAUG
7961,TAWK
7962,TAXF
7963,TAYD
7964,TBEV
7965,TBLT
7966,TBLU
7967,TBND
7968,TBNK
7969,TBTC
7970,TBUX
7971,TCBC
7972,TCBK
7973,TCBP
7974,TCBS
7975,TCCO
7976,TCFC
7977,TCHH
7978,TCOM
7979,TCON
7980,TCPC
7981,TCRZ
7982,TCTL
7983,TDCB
7984,TDRK
7985,TDSA
7986,TDSB
7987,TDSC
7988,TDSD
7989,TDSE
7990,TDTF
7991,TDTT
7992,TDVG
7993,TDYT
7994,TEAF
7995,TEAH
7996,TECB
7997,TECH
7998,TECK
7999,TECL
8000,TECS
8001,TEDU
8002,TEGR
8003,TEGS
8004,TELL
8005,TENX
8006,TEQI
8007,TERM
8008,TESS
8009,TEVA
8010,TEXX
8011,TFGL
8012,TFII
8013,TFLO
8014,TFLT
8015,TFSL
8016,TGGI
8017,TGHI
8018,TGIC
8019,TGIF
8020,TGLO
8021,TGLS
8022,TGNA
8023,TGRW
8024,TGTX
8025,THCT
8026,THCX
8027,THFF
8028,THMO
8029,THRM
8030,THVB
8031,TIGE
8032,TIGO
8033,TIHE
8034,TILE
8035,TILL
8036,TILT
8037,TIMB
8038,TINO
8039,TINT
8040,TINY
8041,TIPD
8042,TIPL
8043,TIPT
8044,TIPX
8045,TIPZ
8046,TISI
8047,TIXC
8048,TKCI
8049,TKLS
8050,TLCO
8051,TLDE
8052,TLDH
8053,TLDN
8054,TLFX
8055,TLGN
8056,TLPC
8057,TLRS
8058,TLSA
8059,TLSS
8060,TLTD
8061,TLTE
8062,TLYS
8063,TMAT
8064,TMBR
8065,TMDI
8066,TMDV
8067,TMFC
8068,TMGI
8069,TMGY
8070,TMIN
8071,TMIX
8072,TMNA
8073,TMST
8074,TMUS
8075,TMXN
8076,TNDM
8077,TNEN
8078,TNGL
8079,TNLX
8080,TNRG
8081,TNXP
8082,TOFB
8083,TOGL
8084,TOKE
8085,TOLZ
8086,TOMZ
8087,TONR
8088,TOOD
8089,TOPS
8090,TOPZ
8091,TORM
8092,TOTL
8093,TOWN
8094,TPAY
8095,TPHD
8096,TPIF
8097,TPII
8098,TPLC
8099,TPOR
8100,TPRP
8101,TPSC
8102,TPST
8103,TPTA
8104,TPTW
8105,TPVG
8106,TPVY
8107,TPYP
8108,TQQQ
8109,TRAA
8110,TRAC
8111,TRBK
8112,TRBO
8113,TRCK
8114,TRCY
8115,TREE
8116,TREN
8117,TREP
8118,TREX
8119,TRFE
8120,TRFK
8121,TRGP
8122,TRIB
8123,TRIN
8124,TRIP
8125,TRIQ
8126,TRMB
8127,TRMD
8128,TRMK
8129,TRNO
8130,TRNS
8131,TRNX
8132,TROO
8133,TROX
8134,TRPL
8135,TRPS
8136,TRRE
8137,TRRI
8138,TRSI
8139,TRST
8140,TRTK
8141,TRTN
8142,TRTX
8143,TRTY
8144,TRUX
8145,TRVN
8146,TRVR
8147,TRXA
8148,TSAT
8149,TSBA
8150,TSBK
8151,TSCC
8152,TSCO
8153,TSEM
8154,TSLA
8155,TSLH
8156,TSLI
8157,TSLL
8158,TSLQ
8159,TSLS
8160,TSLX
8161,TSLY
8162,TSME
8163,TSNI
8164,TSOH
8165,TSPA
8166,TSRI
8167,TSRR
8168,TSSP
8169,TSTS
8170,TTAC
8171,TTAI
8172,TTEC
8173,TTEK
8174,TTNP
8175,TTOO
8176,TTSH
8177,TTWO
8178,TTYP
8179,TUEM
8180,TUGN
8181,TURA
8182,TURN
8183,TUSI
8184,TUSK
8185,TUXS
8186,TVCE
8187,TVER
8188,TVIX
8189,TVLF
8190,TVNB
8191,TVOG
8192,TVPT
8193,TWCF
8194,TWER
8195,TWIN
8196,TWIO
8197,TWOC
8198,TWOH
8199,TWSI
8200,TXCB
8201,TXHE
8202,TXMD
8203,TXRH
8204,TXTM
8205,TYBS
8206,TYBT
8207,TYCB
8208,TYFG
8209,TYNS
8210,TYTN
8211,UABK
8212,UAMM
8213,UAPC
8214,UAPR
8215,UATG
8216,UAUG
8217,UAVS
8218,UBAB
8219,UBCP
8220,UBFO
8221,UBIA
8222,UBND
8223,UBOH
8224,UBOT
8225,UBSI
8226,UCBA
8227,UCBI
8228,UCIX
8229,UCON
8230,UCPA
8231,UDOW
8232,UEIC
8233,UEVM
8234,UFAB
8235,UFCP
8236,UFCS
8237,UFMG
8238,UFPI
8239,UGLD
8240,UGRO
8241,UHAL
8242,UHID
8243,UIHC
8244,UITB
8245,UIVM
8246,UJUL
8247,UJUN
8248,ULST
8249,ULTA
8250,ULTR
8251,ULVM
8252,UMBF
8253,UMDD
8254,UMFG
8255,UMMA
8256,UMPQ
8257,UNAM
8258,UNDR
8259,UNEQ
8260,UNFI
8261,UNIB
8262,UNIF
8263,UNIR
8264,UNIT
8265,UNMA
8266,UNPA
8267,UNRV
8268,UNTN
8269,UNTY
8270,UOCT
8271,UOMO
8272,UONE
8273,UPIN
8274,UPPR
8275,UPRO
8276,URAL
8277,URBF
8278,URBN
8279,URBT
8280,URNM
8281,URTH
8282,URTY
8283,USAC
8284,USAI
8285,USAS
8286,USAU
8287,USCS
8288,USDP
8289,USDU
8290,USDY
8291,USEG
8292,USEI
8293,USEP
8294,USEQ
8295,USFR
8296,USGA
8297,USHG
8298,USHY
8299,USIG
8300,USIO
8301,USLB
8302,USLM
8303,USMC
8304,USMF
8305,USMJ
8306,USMT
8307,USMV
8308,USNA
8309,USNL
8310,USNZ
8311,USOD
8312,USOI
8313,USPH
8314,USPX
8315,USRI
8316,USRT
8317,USSG
8318,USTB
8319,USTC
8320,USVM
8321,USXF
8322,UTES
8323,UTHR
8324,UTMD
8325,UTRN
8326,UTSI
8327,UTSL
8328,UUUU
8329,UVFT
8330,UVIX
8331,UVSE
8332,UVSP
8333,UVXY
8334,UWHR
8335,UWMC
8336,VABK
8337,VABS
8338,VADP
8339,VALE
8340,VALQ
8341,VALT
8342,VALU
8343,VALV
8344,VALX
8345,VAMO
8346,VBFC
8347,VBIV
8348,VBIX
8349,VBND
8350,VBTX
8351,VBVT
8352,VCAR
8353,VCEB
8354,VCEL
8355,VCIF
8356,VCII
8357,VCIT
8358,VCLT
8359,VCON
8360,VCOR
8361,VCSH
8362,VCTL
8363,VCTR
8364,VCTY
8365,VCYE
8366,VEGA
8367,VEGI
8368,VEGN
8369,VEII
8370,VEON
8371,VERB
8372,VERF
8373,VERO
8374,VERU
8375,VERY
8376,VETS
8377,VFLQ
8378,VFMF
8379,VFMO
8380,VFMV
8381,VFQY
8382,VFRM
8383,VFVA
8384,VGID
8385,VGIT
8386,VGLS
8387,VGLT
8388,VGSH
8389,VGTL
8390,VIAP
8391,VIAV
8392,VICA
8393,VICE
8394,VICI
8395,VICP
8396,VICR
8397,VICT
8398,VIDE
8399,VIDI
8400,VIGI
8401,VINO
8402,VINP
8403,VIOG
8404,VIOO
8405,VIOT
8406,VIOV
8407,VIPS
8408,VIRA
8409,VIRC
8410,VIRS
8411,VIRT
8412,VIRX
8413,VISL
8414,VISM
8415,VIVC
8416,VIVE
8417,VIVK
8418,VIVO
8419,VIXM
8420,VIXY
8421,VIZC
8422,VJET
8423,VKIN
8424,VLUE
8425,VLXC
8426,VMAT
8427,VMBS
8428,VMCS
8429,VMHG
8430,VMII
8431,VMOT
8432,VMRI
8433,VMTG
8434,VNAM
8435,VNCE
8436,VNLA
8437,VNMC
8438,VNOM
8439,VNQI
8440,VNSE
8441,VNTH
8442,VNUE
8443,VOIS
8444,VONE
8445,VONG
8446,VONV
8447,VOOG
8448,VOOV
8449,VOQP
8450,VOTE
8451,VOXR
8452,VOYA
8453,VPIM
8454,VPOR
8455,VPRO
8456,VRAI
8457,VRCI
8458,VRCV
8459,VRDN
8460,VRIG
8461,VRME
8462,VRNS
8463,VRNT
8464,VRSK
8465,VRSN
8466,VRTS
8467,VRTX
8468,VRUS
8469,VRVR
8470,VSAT
8471,VSBC
8472,VSDA
8473,VSEC
8474,VSGX
8475,VSMD
8476,VSMV
8477,VSPC
8478,VSYS
8479,VTEB
8480,VTEQ
8481,VTGN
8482,VTHR
8483,VTIP
8484,VTMC
8485,VTMS
8486,VTNA
8487,VTNR
8488,VTOL
8489,VTRS
8490,VTSI
8491,VTWG
8492,VTWO
8493,VTWV
8494,VTXB
8495,VTYB
8496,VULC
8497,VUOC
8498,VUSB
8499,VUSE
8500,VUZI
8501,VWID
8502,VWOB
8503,VWTR
8504,VXRT
8505,VXUS
8506,VYDR
8507,VYEY
8508,VYMI
8509,VYNE
8510,VYNT
8511,WABC
8512,WAFD
8513,WAKE
8514,WALA
8515,WANT
8516,WARM
8517,WASH
8518,WAVD
8519,WAWL
8520,WAYN
8521,WAYS
8522,WBAT
8523,WBBA
8524,WBHC
8525,WBIA
8526,WBIB
8527,WBIC
8528,WBID
8529,WBIE
8530,WBIF
8531,WBIG
8532,WBII
8533,WBIL
8534,WBIN
8535,WBIR
8536,WBIT
8537,WBIY
8538,WBND
8539,WBRE
8540,WBWB
8541,WCFB
8542,WCHN
8543,WCIG
8544,WCRS
8545,WCYN
8546,WDBG
8547,WDDD
8548,WDFC
8549,WDFN
8550,WDHR
8551,WDIV
8552,WDLF
8553,WDRP
8554,WDRW
8555,WEBB
8556,WEBC
8557,WEBL
8558,WEBS
8559,WELL
8560,WELX
8561,WERN
8562,WETH
8563,WEYS
8564,WFCF
8565,WFCL
8566,WFHG
8567,WFHY
8568,WFIG
8569,WGIH
8570,WGRO
8571,WHLM
8572,WHLR
8573,WHSI
8574,WILC
8575,WINA
8576,WINC
8577,WING
8578,WINN
8579,WINR
8580,WINT
8581,WIRE
8582,WIRX
8583,WISA
8584,WKEY
8585,WKHS
8586,WKLN
8587,WKLY
8588,WKSP
8589,WLAB
8590,WLDR
8591,WLKP
8592,WLKR
8593,WLSI
8594,WMGR
8595,WMPN
8596,WMTN
8597,WNBD
8598,WNCP
8599,WNDW
8600,WNDY
8601,WNEB
8602,WNFT
8603,WNLV
8604,WNRS
8605,WOBK
8606,WODI
8607,WOEN
8608,WOFA
8609,WOLF
8610,WOLV
8611,WOMN
8612,WOOD
8613,WORC
8614,WORX
8615,WOWI
8616,WOWU
8617,WPFH
8618,WPHM
8619,WRIT
8620,WRIV
8621,WRLC
8622,WRLD
8623,WRND
8624,WSBC
8625,WSBF
8626,WSCI
8627,WSCO
8628,WSFL
8629,WSFS
8630,WSHE
8631,WSRC
8632,WSSH
8633,WSTL
8634,WTAI
8635,WTBA
8636,WTER
8637,WTFC
8638,WTII
8639,WTKN
8640,WTLC
8641,WTMF
8642,WTRG
8643,WUHN
8644,WVFC
8645,WWHC
8646,WWIO
8647,WWJD
8648,WWPW
8649,WWSG
8650,WYCC
8651,WYNN
8652,XBIO
8653,XBIT
8654,XBOR
8655,XBUY
8656,XCEM
8657,XCLL
8658,XCOM
8659,XCPL
8660,XCRA
8661,XCRP
8662,XCRT
8663,XCUR
8664,XDSL
8665,XELA
8666,XENO
8667,XERI
8668,XFLS
8669,XFLT
8670,XFOR
8671,XFTB
8672,XITK
8673,XKCP
8674,XKFF
8675,XKFS
8676,XKII
8677,XKST
8678,XLEY
8679,XLPI
8680,XLRE
8681,XLSR
8682,XLSY
8683,XLTY
8684,XLUY
8685,XLWH
8686,XMHQ
8687,XMLV
8688,XMMO
8689,XMPT
8690,XMVM
8691,XNTK
8692,XOMA
8693,XOUT
8694,XPLR
8695,XPND
8696,XPRO
8697,XRAY
8698,XRLV
8699,XSHD
8700,XSHQ
8701,XSLV
8702,XSMO
8703,XSNX
8704,XSOE
8705,XSPT
8706,XSVM
8707,XSVT
8708,XTLB
8709,XTNT
8710,XTRE
8711,XTRM
8712,XWEB
8713,XYLD
8714,XYLG
8715,XYNH
8716,YALL
8717,YANG
8718,YCOM
8719,YECO
8720,YELL
8721,YGYI
8722,YINN
8723,YIPI
8724,YITD
8725,YLCO
8726,YLDE
8727,YMLI
8728,YMLP
8729,YOLO
8730,YORW
8731,YPPN
8732,YSGG
8733,YTEN
8734,YUMC
8735,YUMY
8736,YYYH
8737,ZAAG
8738,ZAZA
8739,ZBIO
8740,ZBRA
8741,ZCBD
8742,ZDEU
8743,ZDPY
8744,ZENO
8745,ZEON
8746,ZEPP
8747,ZEST
8748,ZEUS
8749,ZGBR
8750,ZGCO
